{
    "parent": "builtin/entity",
    "gui_light": "front",
    "textures": {
        "particle": "block/oak_planks"
    },
    "display": {
        "thirdperson_righthand": {
            "rotation": [ 0, 90, 0 ],
            "translation": [ 10, 6, -4 ],
            "scale": [ 1, 1, 1 ]
        },
        "thirdperson_lefthand": {
            "rotation": [ 0, 90, 0 ],
            "translation": [ 10, 6, 12 ],
            "scale": [ 1, 1, 1 ]
        },
        "firstperson_righthand": {
            "rotation": [ 0, 95, -65 ],
            "translation": [ 14, -14.5, -9.75 ],
            "scale": [ 1.25, 1.25, 1.25 ]
        },
        "firstperson_lefthand": {
            "rotation": [ 0, 95, -65 ],
            "translation": [ 14, 3.5, -1.5 ],
            "scale": [ 1.25, 1.25, 1.25 ]
        },
        "gui": {
            "rotation": [ 15, -25, 0 ],
            "translation": [ 2.5, 3.15, 0.25 ],
            "scale": [ 0.6, 0.6, 0.6 ]
        },
        "fixed": {
            "rotation": [ 0.25, 180, 0 ],
            "translation": [ -16, 16, -14 ],
            "scale": [ 2, 2, 2 ] 
        },
        "ground": {
            "rotation": [ 0, 0, 0 ],
            "translation": [ 4, 6, 2 ],
            "scale": [ 0.5, 0.5, 0.5 ]
        }
    },
    "overrides": [
        {
            "predicate": {
                "blocking": 1
            },
            "model": "item/shield_blocking"
        }
    ]
}