{
	"credit": "Made with Blockbench",
	"textures": {
		"0": "block/cake_plate",
		"1": "block/cake_inner",
		"top": "block/cake_top",
		"particle": "block/cake_side",
		"side": "block/cake_side"
	},
	"elements": [
		{
			"name": "cake",
			"from": [7, 1, 5],
			"to": [13, 8, 11],
			"rotation": {"angle": 22.5, "axis": "y", "origin": [10, 4.5, 8]},
			"faces": {
				"north": {"uv": [2, 9, 8, 16], "texture": "#side"},
				"east": {"uv": [8, 9, 14, 16], "texture": "#side"},
				"south": {"uv": [8, 9, 14, 16], "texture": "#1"},
				"west": {"uv": [2, 9, 8, 16], "texture": "#1"},
				"up": {"uv": [8, 2, 14, 8], "texture": "#top"}
			}
		},
		{
			"name": "Plate",
			"from": [1, 0, 1],
			"to": [15, 1, 15],
			"faces": {
				"north": {"uv": [1, 15, 15, 16], "texture": "#0"},
				"east": {"uv": [1, 0, 15, 1], "texture": "#0"},
				"south": {"uv": [1, 15, 15, 16], "texture": "#0"},
				"west": {"uv": [1, 0, 15, 1], "texture": "#0"},
				"up": {"uv": [1, 1, 15, 15], "texture": "#0"},
				"down": {"uv": [1, 1, 15, 15], "texture": "#0"}
			}
		}
	]
}