{
	"credit": "Made with Blockbench",
	"textures": {
		"0": "block/cake_plate",
		"1": "block/cake_inner",
		"top": "block/cake_top",
		"particle": "block/cake_side",
		"side": "block/cake_side"
	},
	"elements": [
		{
			"name": "cake",
			"from": [7, 1, 3],
			"to": [13, 8, 9],
			"rotation": {"angle": 0, "axis": "y", "origin": [-1, 0, 1]},
			"faces": {
				"north": {"uv": [2, 9, 8, 16], "texture": "#side"},
				"east": {"uv": [8, 9, 14, 16], "texture": "#side"},
				"south": {"uv": [8, 9, 14, 16], "texture": "#1"},
				"west": {"uv": [2, 9, 8, 16], "texture": "#1"},
				"up": {"uv": [8, 2, 14, 8], "texture": "#top"}
			}
		},
		{
			"name": "Plate",
			"from": [1, 0, 1],
			"to": [15, 1, 15],
			"faces": {
				"north": {"uv": [1, 15, 15, 16], "texture": "#0"},
				"east": {"uv": [1, 0, 15, 1], "texture": "#0"},
				"south": {"uv": [1, 15, 15, 16], "texture": "#0"},
				"west": {"uv": [1, 0, 15, 1], "texture": "#0"},
				"up": {"uv": [1, 1, 15, 15], "texture": "#0"},
				"down": {"uv": [1, 1, 15, 15], "texture": "#0"}
			}
		},
		{
			"name": "Slice",
			"from": [7.01, 1, 8.75],
			"to": [13.01, 8, 10.75],
			"rotation": {"angle": -22.5, "axis": "x", "origin": [11, 7.5, 13]},
			"faces": {
				"north": {"uv": [2, 9, 8, 16], "texture": "#1"},
				"east": {"uv": [12, 9, 14, 16], "texture": "#side"},
				"south": {"uv": [2, 9, 8, 16], "texture": "#1"},
				"west": {"uv": [2, 9, 4, 16], "texture": "#side"},
				"up": {"uv": [8, 9, 14, 11], "rotation": 180, "texture": "#top"},
				"down": {"uv": [5, 14, 11, 16], "texture": "#side"}
			}
		}
	]
}