{
	"credit": "Made with Blockbench",
	"textures": {
		"0": "block/cake_plate",
		"1": "block/cake_inner",
		"particle": "block/cake_side",
		"side": "block/cake_side"
	},
	"elements": [
		{
			"name": "Plate",
			"from": [1, 0, 1],
			"to": [15, 1, 15],
			"faces": {
				"north": {"uv": [1, 15, 15, 16], "texture": "#0"},
				"east": {"uv": [1, 0, 15, 1], "texture": "#0"},
				"south": {"uv": [1, 15, 15, 16], "texture": "#0"},
				"west": {"uv": [1, 0, 15, 1], "texture": "#0"},
				"up": {"uv": [1, 1, 15, 15], "texture": "#0"},
				"down": {"uv": [1, 1, 15, 15], "texture": "#0"}
			}
		},
		{
			"name": "Slice",
			"from": [7, 1, 5],
			"to": [13, 3, 12],
			"rotation": {"angle": -22.5, "axis": "y", "origin": [10, 4.5, 6]},
			"faces": {
				"north": {"uv": [8, 9, 14, 11], "texture": "#1"},
				"east": {"uv": [12, 9, 14, 16], "rotation": 90, "texture": "#side"},
				"south": {"uv": [5, 14, 11, 16], "texture": "#1"},
				"west": {"uv": [2, 9, 4, 16], "rotation": 270, "texture": "#side"},
				"up": {"uv": [2, 9, 8, 16], "texture": "#1"},
				"down": {"uv": [2, 9, 8, 16], "texture": "#1"}
			}
		}
	]
}