{
	"credit": "Made with Blockbench",
	"parent": "block/block",
	"ambientocclusion": false,
	"textures": {
		"texture": "block/fence_cherry"
	},
	"elements": [
		{
			"name": "Left post",
			"from": [6, 0, 0],
			"to": [10, 16, 4],
			"faces": {
				"north": {"uv": [6, 0, 10, 16], "texture": "#texture"},
				"east": {"uv": [6, 0, 10, 16], "texture": "#texture"},
				"south": {"uv": [6, 0, 10, 16], "texture": "#texture"},
				"west": {"uv": [6, 0, 10, 16], "texture": "#texture"},
				"up": {"uv": [6, 0, 10, 4], "texture": "#texture"},
				"down": {"uv": [6, 0, 10, 4], "texture": "#texture", "cullface": "down"}
			}
		},
		{
			"name": "Left post",
			"from": [7.5, 0, 6.5],
			"to": [8.5, 15, 9.5],
			"rotation": {"angle": 0, "axis": "y", "origin": [0, 0, 5]},
			"faces": {
				"north": {"uv": [8, 1, 9, 16], "texture": "#texture"},
				"east": {"uv": [6, 1, 9, 16], "texture": "#texture"},
				"south": {"uv": [8, 1, 9, 16], "texture": "#texture"},
				"west": {"uv": [6, 1, 9, 16], "texture": "#texture"},
				"up": {"uv": [6, 13, 7, 16], "texture": "#texture"},
				"down": {"uv": [6, 13, 7, 16], "texture": "#texture"}
			}
		},
		{
			"name": "Right post",
			"from": [6, 0, 12],
			"to": [10, 16, 16],
			"faces": {
				"north": {"uv": [6, 0, 10, 16], "texture": "#texture"},
				"east": {"uv": [6, 0, 10, 16], "texture": "#texture"},
				"south": {"uv": [6, 0, 10, 16], "texture": "#texture"},
				"west": {"uv": [6, 0, 10, 16], "texture": "#texture"},
				"up": {"uv": [6, 12, 10, 16], "texture": "#texture"},
				"down": {"uv": [6, 12, 10, 16], "texture": "#texture", "cullface": "down"}
			}
		},
		{
			"name": "Top bar",
			"from": [7, 10, -2],
			"to": [9, 12, 18],
			"rotation": {"angle": 0, "axis": "y", "origin": [0, -3, 0]},
			"faces": {
				"north": {"uv": [7, 1, 9, 4], "texture": "#texture"},
				"east": {"uv": [6, 0, 8, 16], "rotation": 90, "texture": "#texture"},
				"south": {"uv": [7, 1, 9, 4], "texture": "#texture"},
				"west": {"uv": [6, 0, 8, 16], "rotation": 90, "texture": "#texture"},
				"up": {"uv": [7, 0, 9, 16], "texture": "#texture"},
				"down": {"uv": [7, 0, 9, 16], "texture": "#texture"}
			}
		},
		{
			"name": "Lower bar",
			"from": [7, 2, -2],
			"to": [9, 4, 18],
			"rotation": {"angle": 0, "axis": "y", "origin": [0, -3, 0]},
			"faces": {
				"north": {"uv": [7, 8, 9, 11], "texture": "#texture"},
				"east": {"uv": [6, 0, 8, 16], "rotation": 90, "texture": "#texture"},
				"south": {"uv": [7, 8, 9, 11], "texture": "#texture"},
				"west": {"uv": [6, 0, 8, 16], "rotation": 90, "texture": "#texture"},
				"up": {"uv": [7, 0, 9, 16], "texture": "#texture"},
				"down": {"uv": [7, 0, 9, 16], "texture": "#texture"}
			}
		}
	],
	"display": {
		"gui": {
			"rotation": [30, 135, 0],
			"scale": [0.625, 0.625, 0.625]
		},
		"fixed": {
			"rotation": [0, 90, 0],
			"scale": [0.5, 0.5, 0.5]
		}
	}
}