{
	"credit": "Made with Blockbench",
	"ambientocclusion": false,
	"textures": {
		"1": "block/exposed_copper_door_side",
		"particle": "block/exposed_copper_door_top",
		"top": "block/exposed_copper_door_top"
	},
	"elements": [
		{
			"from": [0.5, 0, 3],
			"to": [2.5, 5, 13],
			"rotation": {"angle": 0, "axis": "y", "origin": [1.5, 8, 8]},
			"faces": {
				"east": {"uv": [3, 11, 13, 16], "texture": "#top"},
				"west": {"uv": [3, 11, 13, 16], "texture": "#top", "cullface": "west"},
				"up": {"uv": [0, 3, 2, 13], "rotation": 180, "texture": "#top"},
				"down": {"uv": [0, 3, 2, 13], "rotation": 180, "texture": "#top"}
			}
		},
		{
			"from": [0.5, 11, 3],
			"to": [2.5, 12, 13],
			"rotation": {"angle": 0, "axis": "y", "origin": [1.5, 15, 8]},
			"faces": {
				"east": {"uv": [3, 4, 13, 5], "texture": "#top"},
				"west": {"uv": [3, 4, 13, 5], "texture": "#top", "cullface": "west"},
				"down": {"uv": [0, 3, 2, 13], "rotation": 180, "texture": "#top"}
			}
		},
		{
			"from": [0.5, 5, 3],
			"to": [2.5, 11, 5],
			"rotation": {"angle": 0, "axis": "y", "origin": [1.5, 14, 8]},
			"faces": {
				"east": {"uv": [11, 5, 13, 11], "texture": "#top"},
				"south": {"uv": [3, 5, 5, 11], "texture": "#top"},
				"west": {"uv": [3, 5, 5, 11], "texture": "#top", "cullface": "west"}
			}
		},
		{
			"from": [0.5, 5, 11],
			"to": [2.5, 11, 13],
			"rotation": {"angle": 0, "axis": "y", "origin": [1.5, 14, 16]},
			"faces": {
				"north": {"uv": [3, 5, 5, 11], "texture": "#top"},
				"east": {"uv": [3, 5, 5, 11], "texture": "#top"},
				"west": {"uv": [11, 5, 13, 11], "texture": "#top", "cullface": "west"}
			}
		},
		{
			"name": "Bar1",
			"from": [1, 7, 4],
			"to": [2, 9, 12],
			"rotation": {"angle": 0, "axis": "y", "origin": [1.5, 10, 11]},
			"faces": {
				"east": {"uv": [4, 7, 12, 9], "texture": "#top"},
				"west": {"uv": [4, 7, 12, 9], "texture": "#top", "cullface": "west"},
				"up": {"uv": [0, 7, 1, 15], "texture": "#top"},
				"down": {"uv": [1, 7, 2, 15], "texture": "#top"}
			}
		},
		{
			"name": "Bar2",
			"from": [1, 3, 7],
			"to": [2, 11, 9],
			"rotation": {"angle": 0, "axis": "y", "origin": [1.5, 8, 9]},
			"faces": {
				"north": {"uv": [8, 5, 9, 13], "texture": "#top"},
				"east": {"uv": [7, 5, 9, 13], "texture": "#top"},
				"south": {"uv": [8, 5, 9, 13], "texture": "#top"},
				"west": {"uv": [7, 5, 9, 13], "texture": "#top", "cullface": "west"}
			}
		},
		{
			"from": [0, 0, 13],
			"to": [3, 16, 16],
			"rotation": {"angle": 0, "axis": "y", "origin": [1.5, 8, 8]},
			"faces": {
				"north": {"uv": [0, 0, 3, 16], "texture": "#1"},
				"east": {"uv": [0, 0, 3, 16], "texture": "#top"},
				"south": {"uv": [0, 0, 3, 16], "texture": "#1", "cullface": "south"},
				"west": {"uv": [13, 0, 16, 16], "texture": "#top", "cullface": "west"},
				"up": {"uv": [10, 0, 13, 3], "rotation": 270, "texture": "#top", "cullface": "up"}
			}
		},
		{
			"from": [0, 0, 0],
			"to": [3, 16, 3],
			"rotation": {"angle": 0, "axis": "y", "origin": [1.5, 8, 8]},
			"faces": {
				"north": {"uv": [0, 0, 3, 16], "texture": "#1", "cullface": "north"},
				"east": {"uv": [13, 0, 16, 16], "texture": "#top"},
				"south": {"uv": [0, 0, 3, 16], "texture": "#1"},
				"west": {"uv": [0, 0, 3, 16], "texture": "#top", "cullface": "west"},
				"up": {"uv": [10, 0, 13, 3], "rotation": 90, "texture": "#top", "cullface": "up"}
			}
		},
		{
			"from": [0, 12, 3],
			"to": [3, 16, 13],
			"rotation": {"angle": 0, "axis": "y", "origin": [1.5, 8, 8]},
			"faces": {
				"east": {"uv": [3, 0, 13, 4], "texture": "#top"},
				"west": {"uv": [3, 0, 13, 4], "texture": "#top", "cullface": "west"},
				"up": {"uv": [0, 3, 3, 13], "texture": "#1", "cullface": "up"},
				"down": {"uv": [0, 3, 3, 13], "rotation": 180, "texture": "#1"}
			}
		}
	],
	"groups": [
		{
			"name": "top",
			"origin": [8, 8, 8],
			"color": 0,
			"children": [0, 1, 2, 3, 4, 5, 6, 7, 8]
		}
	]
}