{
	"textures": {
		"particle": "block/exposed_copper_trapdoor"
	},
	"elements": [
		{
			"from": [3, 13, 13],
			"to": [13, 16, 16],
			"faces": {
				"north": {"uv": [3, 0, 13, 3], "texture": "#particle"},
				"south": {"uv": [3, 0, 13, 3], "texture": "#particle", "cullface": "south"},
				"up": {"uv": [13, 0, 3, 3], "texture": "#particle", "cullface": "up"},
				"down": {"uv": [13, 0, 3, 3], "texture": "#particle"}
			}
		},
		{
			"from": [3, 9, 14],
			"to": [13, 11, 15],
			"faces": {
				"north": {"uv": [3, 5, 13, 7], "texture": "#particle"},
				"south": {"uv": [3, 5, 13, 7], "texture": "#particle", "cullface": "south"},
				"up": {"uv": [3, 5, 13, 6], "texture": "#particle"},
				"down": {"uv": [3, 6, 13, 7], "texture": "#particle"}
			}
		},
		{
			"from": [9, 3, 14],
			"to": [11, 13, 15],
			"faces": {
				"north": {"uv": [5, 3, 7, 13], "texture": "#particle"},
				"east": {"uv": [10, 3, 11, 13], "texture": "#particle"},
				"south": {"uv": [9, 3, 11, 13], "texture": "#particle", "cullface": "south"},
				"west": {"uv": [10, 3, 11, 13], "texture": "#particle"}
			}
		},
		{
			"from": [5, 3, 14],
			"to": [7, 13, 15],
			"faces": {
				"north": {"uv": [9, 3, 11, 13], "texture": "#particle"},
				"east": {"uv": [10, 3, 11, 13], "texture": "#particle"},
				"south": {"uv": [5, 3, 7, 13], "texture": "#particle", "cullface": "south"},
				"west": {"uv": [10, 3, 11, 13], "texture": "#particle"}
			}
		},
		{
			"from": [3, 5, 14],
			"to": [13, 7, 15],
			"faces": {
				"north": {"uv": [3, 9, 13, 11], "texture": "#particle"},
				"south": {"uv": [3, 9, 13, 11], "texture": "#particle", "cullface": "south"},
				"up": {"uv": [3, 5, 13, 6], "texture": "#particle"},
				"down": {"uv": [3, 10, 13, 11], "texture": "#particle"}
			}
		},
		{
			"from": [3, 0, 13],
			"to": [13, 3, 16],
			"faces": {
				"north": {"uv": [3, 13, 13, 16], "texture": "#particle"},
				"south": {"uv": [3, 13, 13, 16], "texture": "#particle", "cullface": "south"},
				"up": {"uv": [3, 13, 13, 16], "texture": "#particle"},
				"down": {"uv": [13, 13, 3, 16], "texture": "#particle", "cullface": "down"}
			}
		},
		{
			"from": [0, 0, 13],
			"to": [3, 16, 16],
			"faces": {
				"north": {"uv": [13, 0, 16, 16], "texture": "#particle"},
				"east": {"uv": [13, 0, 16, 16], "texture": "#particle"},
				"south": {"uv": [0, 0, 3, 16], "texture": "#particle", "cullface": "south"},
				"west": {"uv": [0, 0, 16, 3], "rotation": 90, "texture": "#particle", "cullface": "west"},
				"up": {"uv": [16, 0, 13, 3], "texture": "#particle", "cullface": "up"},
				"down": {"uv": [16, 13, 13, 16], "texture": "#particle", "cullface": "down"}
			}
		},
		{
			"from": [13, 0, 13],
			"to": [16, 16, 16],
			"faces": {
				"north": {"uv": [0, 0, 3, 16], "texture": "#particle"},
				"east": {"uv": [0, 0, 16, 3], "rotation": 90, "texture": "#particle", "cullface": "east"},
				"south": {"uv": [13, 0, 16, 16], "texture": "#particle", "cullface": "south"},
				"west": {"uv": [0, 0, 3, 16], "texture": "#particle"},
				"up": {"uv": [3, 0, 0, 3], "texture": "#particle", "cullface": "up"},
				"down": {"uv": [3, 13, 0, 16], "texture": "#particle", "cullface": "down"}
			}
		}
	]
}