{
	"parent": "block/thin_block",
	"textures": {
		"particle": "block/exposed_copper_trapdoor"
	},
	"elements": [
		{
			"from": [3, 1, 9],
			"to": [13, 2, 11],
			"faces": {
				"north": {"uv": [3, 6, 13, 7], "texture": "#particle"},
				"south": {"uv": [3, 9, 13, 10], "texture": "#particle"},
				"up": {"uv": [3, 9, 13, 11], "texture": "#particle"},
				"down": {"uv": [13, 11, 3, 9], "texture": "#particle", "cullface": "down"}
			}
		},
		{
			"from": [9, 1, 3],
			"to": [11, 2, 13],
			"faces": {
				"east": {"uv": [11, 13, 10, 3], "rotation": 270, "texture": "#particle"},
				"west": {"uv": [6, 13, 5, 3], "rotation": 270, "texture": "#particle"},
				"up": {"uv": [9, 3, 11, 13], "texture": "#particle"},
				"down": {"uv": [7, 13, 5, 3], "texture": "#particle", "cullface": "down"}
			}
		},
		{
			"from": [5, 1, 3],
			"to": [7, 2, 13],
			"faces": {
				"east": {"uv": [7, 13, 6, 3], "rotation": 270, "texture": "#particle"},
				"west": {"uv": [6, 13, 5, 3], "rotation": 270, "texture": "#particle"},
				"up": {"uv": [5, 3, 7, 13], "texture": "#particle"},
				"down": {"uv": [11, 13, 9, 3], "texture": "#particle", "cullface": "down"}
			}
		},
		{
			"from": [3, 1, 5],
			"to": [13, 2, 7],
			"faces": {
				"north": {"uv": [3, 10, 13, 11], "texture": "#particle"},
				"south": {"uv": [3, 5, 13, 6], "texture": "#particle"},
				"up": {"uv": [3, 5, 13, 7], "texture": "#particle"},
				"down": {"uv": [13, 7, 3, 5], "texture": "#particle", "cullface": "down"}
			}
		},
		{
			"from": [3, 0, 13],
			"to": [13, 3, 16],
			"faces": {
				"north": {"uv": [3, 0, 13, 3], "texture": "#particle"},
				"south": {"uv": [13, 13, 3, 16], "texture": "#particle", "cullface": "south"},
				"up": {"uv": [3, 13, 13, 16], "texture": "#particle"},
				"down": {"uv": [3, 16, 13, 13], "texture": "#particle", "cullface": "down"}
			}
		},
		{
			"from": [3, 0, 0],
			"to": [13, 3, 3],
			"faces": {
				"north": {"uv": [3, 0, 13, 3], "texture": "#particle", "cullface": "north"},
				"south": {"uv": [13, 3, 3, 0], "texture": "#particle"},
				"up": {"uv": [3, 0, 13, 3], "texture": "#particle"},
				"down": {"uv": [3, 3, 13, 0], "texture": "#particle", "cullface": "down"}
			}
		},
		{
			"from": [0, 0, 0],
			"to": [3, 3, 16],
			"faces": {
				"north": {"uv": [13, 0, 16, 3], "texture": "#particle", "cullface": "north"},
				"east": {"uv": [3, 16, 0, 0], "rotation": 90, "texture": "#particle"},
				"south": {"uv": [0, 13, 3, 16], "texture": "#particle", "cullface": "south"},
				"west": {"uv": [0, 13, 16, 16], "texture": "#particle", "cullface": "west"},
				"up": {"uv": [0, 0, 3, 16], "texture": "#particle"},
				"down": {"uv": [16, 16, 13, 0], "texture": "#particle", "cullface": "down"}
			}
		},
		{
			"from": [13, 0, 0],
			"to": [16, 3, 16],
			"faces": {
				"north": {"uv": [0, 0, 3, 3], "texture": "#particle", "cullface": "north"},
				"east": {"uv": [0, 0, 16, 3], "texture": "#particle", "cullface": "east"},
				"south": {"uv": [13, 13, 16, 16], "texture": "#particle", "cullface": "south"},
				"west": {"uv": [13, 0, 16, 16], "rotation": 90, "texture": "#particle"},
				"up": {"uv": [13, 0, 16, 16], "texture": "#particle"},
				"down": {"uv": [3, 16, 0, 0], "texture": "#particle", "cullface": "down"}
			}
		}
	]
}