{
	"credit": "Made with Blockbench",
	"ambientocclusion": false,
	"textures": {
		"2": "block/poppy_petals",
		"3": "block/poppy_base1",
		"particle": "block/poppy_petals"
	},
	"elements": [
		{
			"from": [-1, 0, 8],
			"to": [17, 18, 8],
			"shade": false,
			"rotation": {"angle": 45, "axis": "y", "origin": [8, 8, 8]},
			"faces": {
				"north": {"uv": [0, 0, 16, 16], "texture": "#3"},
				"south": {"uv": [0, 0, 16, 16], "texture": "#3"}
			}
		},
		{
			"from": [8, 0, -1.2],
			"to": [8, 18, 16.8],
			"shade": false,
			"rotation": {"angle": 45, "axis": "y", "origin": [8, 8, 8]},
			"faces": {
				"east": {"uv": [0, 0, 16, 16], "texture": "#3"},
				"west": {"uv": [0, 0, 16, 16], "texture": "#3"}
			}
		},
		{
			"from": [-1, 0.25, -2],
			"to": [17, 0.25, 8],
			"rotation": {"angle": -22.5, "axis": "x", "origin": [8, 0.25, 0]},
			"faces": {
				"up": {"uv": [0, 4, 16, 12], "texture": "#2"}
			}
		},
		{
			"from": [-2, 1.25, -1],
			"to": [8, 1.25, 17],
			"rotation": {"angle": 22.5, "axis": "z", "origin": [-1, 1.25, 8]},
			"faces": {
				"up": {"uv": [0, 4, 16, 12], "rotation": 270, "texture": "#2"}
			}
		},
		{
			"from": [8, 1.25, -1],
			"to": [18, 1.25, 17],
			"rotation": {"angle": -22.5, "axis": "z", "origin": [17, 1.25, 8]},
			"faces": {
				"up": {"uv": [0, 4, 16, 12], "rotation": 90, "texture": "#2"}
			}
		},
		{
			"from": [-1, 0.25, 8],
			"to": [17, 0.25, 18],
			"rotation": {"angle": 22.5, "axis": "x", "origin": [8, 0.25, 16]},
			"faces": {
				"up": {"uv": [16, 12, 0, 4], "texture": "#2"}
			}
		}
	]
}