{
	"schemaVersion": 2,
	"type": "single-sprite-square-textured",
	"texture": "minecraft:textures/skybox/overworld/sky100_stars_night.png",
	"blend": {"type" : "screen"},
	"properties": {
		"priority": 100,
		"fade": {
			"startFadeIn": 12000,
			"endFadeIn": 13000,
			"startFadeOut": 23000,
			"endFadeOut": 0
			},
		"rotation": {
			"rotationSpeedY": 0.75,
			"static": [0.0, 0.0, 0.0],
			"axis": [ 0.0, 0.0, 0.0 ],
			"timeShift": [0, 0, 0]
			},
		"transitionInDuration": 100,
		"transitionOutDuration": 100
		},
	"conditions": {
		"worlds": ["minecraft:overworld"],
		"weather": ["clear"]
		},
	"decorations": {
		"showSun": false,
		"showMoon": false,
		"showStars": false
		}
}
