{
	"schemaVersion": 2,
	"type": "single-sprite-square-textured",
	"texture": "minecraft:textures/skybox/overworld/sky201_north_star_night.png",
	"blend": {"type" : "add"},
	"properties": {
		"priority": 201,
		"fade": {
			"startFadeIn": 13166,
			"endFadeIn": 14000,
			"startFadeOut": 21832,
			"endFadeOut": 22666
			},
		"rotation": {
			"rotationSpeedY": 0.0,
			"static": [ 0.0, 0.0, 0.0 ],
			"axis": [ 0.0, 0.0, 0.0 ],
			"timeShift": [ 0, 0, 0 ]
			},
		"transitionInDuration": 100,
		"transitionOutDuration": 100
		},
	"conditions": {
		"worlds": ["minecraft:overworld"],
		"weather": ["clear"]
		},
	"decorations": {
		"showSun": false,
		"showMoon": false,
		"showStars": false
		}
}
