{
	"schemaVersion": 2,
	"type": "single-sprite-square-textured",
	"texture": "minecraft:textures/skybox/overworld/sky300_sunflare.png",
	"blend": {"type" : "screen"},
	"properties": {
		"priority": 301,
		"fade": {
			"startFadeIn": 11833,
			"endFadeIn": 12500,
			"startFadeOut": 12666,
			"endFadeOut": 13333
			},
		"rotation": {
			"rotationSpeedY": 1.0,
			"static": [ 0.0, 0.0, -90.0 ],
			"axis": [ 90.0, 0.0, 0.0 ],
			"timeShift": [ 0, 0, 0 ]
			},
		"transitionInDuration": 100,
		"transitionOutDuration": 100
		},
	"conditions": {
		"worlds": ["minecraft:overworld"],
		"weather": ["clear"]
		},
	"decorations": {
		"showSun": false,
		"showMoon": false,
		"showStars": false
		}
}
