{
	"schemaVersion": 2,
	"type": "single-sprite-square-textured",
	"texture": "minecraft:textures/skybox/overworld/sky430_clouds_night.png",
	"blend": {"type" : "add"},
	"properties": {
		"priority": 430,
		"fade": {
			"startFadeIn": 12500,
			"endFadeIn": 12750,
			"startFadeOut": 23166,
			"endFadeOut": 23416
			},
		"rotation": {
			"rotationSpeedY": 1.0,
			"static": [ 0.0, 0.0, 0.0 ],
			"axis": [ 0.0, 1.0, 0.0 ],
			"timeShift": [ 0, 0, 0 ]
			},
		"transitionInDuration": 100,
		"transitionOutDuration": 100
		},
	"conditions": {
		"worlds": ["minecraft:overworld"],
		"weather": ["clear"]
		},
	"decorations": {
		"showSun": false,
		"showMoon": false,
		"showStars": false
		}
}
