{
	"schemaVersion": 2,
	"type": "single-sprite-square-textured",
	"texture": "minecraft:textures/skybox/overworld/sky410_clouds_day.png",
	"blend": {"type" : "screen"},
	"properties": {
		"priority": 410,
		"fade": {
			"startFadeIn": 22000,
			"endFadeIn": 23999,
			"startFadeOut": 13000,
			"endFadeOut": 13750
			},
		"rotation": {
			"rotationSpeedY": 1.0,
			"static": [ 0.0, 0.0, 0.0 ],
			"axis": [ 0.0, 1.0, 0.0 ],
			"timeShift": [ 0, 0, 0 ]
			},
		"transitionInDuration": 100,
		"transitionOutDuration": 100
		},
	"conditions": {
		"worlds": ["minecraft:overworld"],
		"weather": ["clear"]
		},
	"decorations": {
		"showSun": false,
		"showMoon": false,
		"showStars": false
		}
}
