{
	"schemaVersion": 2,
	"type": "single-sprite-square-textured",
	"texture": "minecraft:textures/skybox/overworld/sky500_decoration_rainbow.png",
	"blend": {"type" : "screen"},
	"properties": {
		"priority": 500,
		"fade": {
			"startFadeIn": 6000,
			"endFadeIn": 6500,
			"startFadeOut": 8000,
			"endFadeOut": 8500
			},
		"rotation": {
			"rotationSpeedY": 0.0,
			"static": [ 0.0, 0.0, 0.0 ],
			"axis": [ 0.0, 0.0, 0.0 ],
			"timeShift": [ 0, 0, 0 ]
			},
		"transitionInDuration": 100,
		"transitionOutDuration": 100
		},
	"conditions": {
		"worlds": ["minecraft:overworld"],
		"weather": ["clear"]
		},
	"decorations": {
		"showSun": false,
		"showMoon": false,
		"showStars": false
		}
}
