{
  "model": {
    "type": "minecraft:condition",
    "on_false": {
      "type": "minecraft:select",
      "property": "minecraft:component",
      "component": "minecraft:enchantments",
      "cases": [
        {
          "when": { "minecraft:luck_of_the_sea": 1 },
          "model": {
            "type": "minecraft:model",
            "model": "minecraft:item/excalibur/fishing_rod/fishing_rod"
          }
        },
        {
          "when": { "minecraft:luck_of_the_sea": 2 },
          "model": {
            "type": "minecraft:model",
            "model": "minecraft:item/excalibur/fishing_rod/fishing_rod"
          }
        },
        {
          "when": { "minecraft:luck_of_the_sea": 3 },
          "model": {
            "type": "minecraft:model",
            "model": "minecraft:item/excalibur/fishing_rod/fishing_rod"
          }
        }		
      ],
      "fallback": {
        "type": "minecraft:model",
        "model": "minecraft:item/fishing_rod"
      }
    },
    "on_true": {
      "type": "minecraft:select",
      "property": "minecraft:component",
      "component": "minecraft:enchantments",
      "cases": [
        {
          "when": { "minecraft:luck_of_the_sea": 1 },
          "model": {
            "type": "minecraft:model",
            "model": "minecraft:item/excalibur/fishing_rod/fishing_rod_cast"
          }
        },
        {
          "when": { "minecraft:luck_of_the_sea": 2 },
          "model": {
            "type": "minecraft:model",
            "model": "minecraft:item/excalibur/fishing_rod/fishing_rod_cast"
          }
        },
        {
          "when": { "minecraft:luck_of_the_sea": 3 },
          "model": {
            "type": "minecraft:model",
            "model": "minecraft:item/excalibur/fishing_rod/fishing_rod_cast"
          }
        }		
      ],
      "fallback": {
        "type": "minecraft:model",
        "model": "minecraft:item/fishing_rod_cast"
      }
    },
    "property": "minecraft:fishing_rod/cast"
  }
}