{
    "name": "dual_handed_stab",
    "author": "Daedelus",
    "description": "Dual handed stab attack",
    "emote":{
        "isLoop": "false",
        "returnTick": 2,
        "beginTick":8,
        "endTick":20,
        "stopTick":30,
        "degrees":false,
        "moves":[
            
            {
                "tick":8,
                "easing": "EASEINOUTQUAD",
                "turn": 0,
                "head":{
                    "y":-0.0
                }
            },
            {
                "tick":12,
                "easing": "EASEINQUAD",
                "turn": 0,
                "head":{
                    "y":-0.0
                }
            },
            {
                "tick":20,
                "easing": "EASEOUTQUAD",
                "turn": 0,
                "head":{
                    "y":-0.0
                }
            },
            {
                "tick":8,
                "easing": "EASEINOUTQUAD",
                "turn": 0,
                "head":{
                    "z":-0.0
                }
            },
            {
                "tick":12,
                "easing": "EASEINQUAD",
                "turn": 0,
                "head":{
                    "z":-0.0
                }
            },
            {
                "tick":20,
                "easing": "EASEOUTQUAD",
                "turn": 0,
                "head":{
                    "z":-0.0
                }
            },
            {
                "tick":8,
                "easing": "EASEINOUTQUAD",
                "turn": 0,
                "head":{
                    "x":-0.0
                }
            },
            {
                "tick":12,
                "easing": "EASEINQUAD",
                "turn": 0,
                "head":{
                    "x":-0.0
                }
            },
            {
                "tick":20,
                "easing": "EASEOUTQUAD",
                "turn": 0,
                "head":{
                    "x":-0.0
                }
            },
            {
                "tick":8,
                "easing": "EASEINOUTQUAD",
                "turn": 0,
                "head":{
                    "yaw":-0.0018905744655057788
                }
            },
            {
                "tick":12,
                "easing": "EASEINQUAD",
                "turn": 0,
                "head":{
                    "yaw":0.0049776239320635796
                }
            },
            {
                "tick":20,
                "easing": "EASEOUTQUAD",
                "turn": 0,
                "head":{
                    "yaw":0.0033057990949600935
                }
            },
            {
                "tick":8,
                "easing": "EASEINOUTQUAD",
                "turn": 0,
                "head":{
                    "roll":-0.003726210677996278
                }
            },
            {
                "tick":12,
                "easing": "EASEINQUAD",
                "turn": 0,
                "head":{
                    "roll":0.009251328185200691
                }
            },
            {
                "tick":20,
                "easing": "EASEOUTQUAD",
                "turn": 0,
                "head":{
                    "roll":0.007784747984260321
                }
            },
            {
                "tick":8,
                "easing": "EASEINOUTQUAD",
                "turn": 0,
                "head":{
                    "pitch":0.29956474900245667
                }
            },
            {
                "tick":12,
                "easing": "EASEINQUAD",
                "turn": 0,
                "head":{
                    "pitch":-0.7738958597183228
                }
            },
            {
                "tick":20,
                "easing": "EASEOUTQUAD",
                "turn": 0,
                "head":{
                    "pitch":-0.6055688858032227
                }
            },
            {
                "tick":8,
                "easing": "EASEINOUTQUAD",
                "turn": 0,
                "torso":{
                    "yaw":-0.0042208353988826275
                }
            },
            {
                "tick":12,
                "easing": "EASEINQUAD",
                "turn": 0,
                "torso":{
                    "yaw":0.009769483469426632
                }
            },
            {
                "tick":20,
                "easing": "EASEOUTQUAD",
                "turn": 0,
                "torso":{
                    "yaw":0.011337582021951675
                }
            },
            {
                "tick":8,
                "easing": "EASEINOUTQUAD",
                "turn": 0,
                "torso":{
                    "roll":0.004334674216806889
                }
            },
            {
                "tick":12,
                "easing": "EASEINQUAD",
                "turn": 0,
                "torso":{
                    "roll":-0.0026802176143974066
                }
            },
            {
                "tick":20,
                "easing": "EASEOUTQUAD",
                "turn": 0,
                "torso":{
                    "roll":-0.006169989239424467
                }
            },
            {
                "tick":8,
                "easing": "EASEINOUTQUAD",
                "turn": 0,
                "torso":{
                    "pitch":0.3161439895629883
                }
            },
            {
                "tick":12,
                "easing": "EASEINQUAD",
                "turn": 0,
                "torso":{
                    "pitch":-0.7801300883293152
                }
            },
            {
                "tick":20,
                "easing": "EASEOUTQUAD",
                "turn": 0,
                "torso":{
                    "pitch":-0.6063104271888733
                }
            },
            {
                "tick":8,
                "easing": "EASEINOUTQUAD",
                "turn": 0,
                "torso":{
                    "y":0.0
                }
            },
            {
                "tick":12,
                "easing": "EASEINQUAD",
                "turn": 0,
                "torso":{
                    "y":-0.24303069710731506
                }
            },
            {
                "tick":20,
                "easing": "EASEOUTQUAD",
                "turn": 0,
                "torso":{
                    "y":-0.14709752798080444
                }
            },
            {
                "tick":8,
                "easing": "EASEINOUTQUAD",
                "turn": 0,
                "torso":{
                    "x":0.0
                }
            },
            {
                "tick":12,
                "easing": "EASEINQUAD",
                "turn": 0,
                "torso":{
                    "x":0.0
                }
            },
            {
                "tick":20,
                "easing": "EASEOUTQUAD",
                "turn": 0,
                "torso":{
                    "x":0.0
                }
            },
            {
                "tick":8,
                "easing": "EASEINOUTQUAD",
                "turn": 0,
                "torso":{
                    "z":-0.0
                }
            },
            {
                "tick":12,
                "easing": "EASEINQUAD",
                "turn": 0,
                "torso":{
                    "z":-0.556412398815155
                }
            },
            {
                "tick":20,
                "easing": "EASEOUTQUAD",
                "turn": 0,
                "torso":{
                    "z":-0.3901282250881195
                }
            },
            {
                "tick":8,
                "easing": "EASEINOUTQUAD",
                "turn": 0,
                "rightArm":{
                    "yaw":-0.30536627769470215
                }
            },
            {
                "tick":12,
                "easing": "EASEINQUAD",
                "turn": 0,
                "rightArm":{
                    "yaw":0.7940161824226379
                }
            },
            {
                "tick":20,
                "easing": "EASEOUTQUAD",
                "turn": 0,
                "rightArm":{
                    "yaw":0.6269518136978149
                }
            },
            {
                "tick":8,
                "easing": "EASEINOUTQUAD",
                "turn": 0,
                "rightArm":{
                    "roll":1.5759276151657104
                }
            },
            {
                "tick":12,
                "easing": "EASEINQUAD",
                "turn": 0,
                "rightArm":{
                    "roll":1.6116896867752075
                }
            },
            {
                "tick":20,
                "easing": "EASEOUTQUAD",
                "turn": 0,
                "rightArm":{
                    "roll":1.6039985418319702
                }
            },
            {
                "tick":8,
                "easing": "EASEINOUTQUAD",
                "turn": 0,
                "rightArm":{
                    "y":1.3722620010375977
                }
            },
            {
                "tick":12,
                "easing": "EASEINQUAD",
                "turn": 0,
                "rightArm":{
                    "y":1.5768146514892578
                }
            },
            {
                "tick":20,
                "easing": "EASEOUTQUAD",
                "turn": 0,
                "rightArm":{
                    "y":1.5768146514892578
                }
            },
            {
                "tick":8,
                "easing": "EASEINOUTQUAD",
                "turn": 0,
                "rightArm":{
                    "z":5.4986395835876465
                }
            },
            {
                "tick":12,
                "easing": "EASEINQUAD",
                "turn": 0,
                "rightArm":{
                    "z":-2.682337760925293
                }
            },
            {
                "tick":20,
                "easing": "EASEOUTQUAD",
                "turn": 0,
                "rightArm":{
                    "z":-2.682337760925293
                }
            },
            {
                "tick":8,
                "easing": "EASEINOUTQUAD",
                "turn": 0,
                "rightArm":{
                    "x":-6.146781921386719
                }
            },
            {
                "tick":12,
                "easing": "EASEINQUAD",
                "turn": 0,
                "rightArm":{
                    "x":-5.566961288452148
                }
            },
            {
                "tick":20,
                "easing": "EASEOUTQUAD",
                "turn": 0,
                "rightArm":{
                    "x":-5.566961288452148
                }
            },
            {
                "tick":8,
                "easing": "EASEINOUTQUAD",
                "turn": 0,
                "rightArm":{
                    "pitch":-1.5489039421081543
                }
            },
            {
                "tick":12,
                "easing": "EASEINQUAD",
                "turn": 0,
                "rightArm":{
                    "pitch":-1.5356338024139404
                }
            },
            {
                "tick":20,
                "easing": "EASEOUTQUAD",
                "turn": 0,
                "rightArm":{
                    "pitch":-1.5440993309020996
                }
            },
            {
                "tick":8,
                "easing": "EASEINOUTQUAD",
                "turn": 0,
                "leftArm":{
                    "roll":-1.4462476968765259
                }
            },
            {
                "tick":12,
                "easing": "EASEINQUAD",
                "turn": 0,
                "leftArm":{
                    "roll":-1.5810307264328003
                }
            },
            {
                "tick":20,
                "easing": "EASEOUTQUAD",
                "turn": 0,
                "leftArm":{
                    "roll":-1.5819321870803833
                }
            },
            {
                "tick":8,
                "easing": "EASEINOUTQUAD",
                "turn": 0,
                "leftArm":{
                    "yaw":0.2622608542442322
                }
            },
            {
                "tick":12,
                "easing": "EASEINQUAD",
                "turn": 0,
                "leftArm":{
                    "yaw":-0.801604688167572
                }
            },
            {
                "tick":20,
                "easing": "EASEOUTQUAD",
                "turn": 0,
                "leftArm":{
                    "yaw":-0.6166104078292847
                }
            },
            {
                "tick":8,
                "easing": "EASEINOUTQUAD",
                "turn": 0,
                "leftArm":{
                    "pitch":-1.5497092008590698
                }
            },
            {
                "tick":12,
                "easing": "EASEINQUAD",
                "turn": 0,
                "leftArm":{
                    "pitch":-1.54189932346344
                }
            },
            {
                "tick":20,
                "easing": "EASEOUTQUAD",
                "turn": 0,
                "leftArm":{
                    "pitch":-1.5441617965698242
                }
            },
            {
                "tick":8,
                "easing": "EASEINOUTQUAD",
                "turn": 0,
                "leftArm":{
                    "y":3.4142942428588867
                }
            },
            {
                "tick":12,
                "easing": "EASEINQUAD",
                "turn": 0,
                "leftArm":{
                    "y":1.544412612915039
                }
            },
            {
                "tick":20,
                "easing": "EASEOUTQUAD",
                "turn": 0,
                "leftArm":{
                    "y":1.544412612915039
                }
            },
            {
                "tick":8,
                "easing": "EASEINOUTQUAD",
                "turn": 0,
                "leftArm":{
                    "z":2.8752598762512207
                }
            },
            {
                "tick":12,
                "easing": "EASEINQUAD",
                "turn": 0,
                "leftArm":{
                    "z":-2.7958292961120605
                }
            },
            {
                "tick":20,
                "easing": "EASEOUTQUAD",
                "turn": 0,
                "leftArm":{
                    "z":-2.7958292961120605
                }
            },
            {
                "tick":8,
                "easing": "EASEINOUTQUAD",
                "turn": 0,
                "leftArm":{
                    "x":6.408891677856445
                }
            },
            {
                "tick":12,
                "easing": "EASEINQUAD",
                "turn": 0,
                "leftArm":{
                    "x":5.259878158569336
                }
            },
            {
                "tick":20,
                "easing": "EASEOUTQUAD",
                "turn": 0,
                "leftArm":{
                    "x":5.259878158569336
                }
            },
            {
                "tick":8,
                "easing": "EASEINOUTQUAD",
                "turn": 0,
                "rightItem":{
                    "x":-0.05288486182689667
                }
            },
            {
                "tick":12,
                "easing": "EASEINQUAD",
                "turn": 0,
                "rightItem":{
                    "x":-0.09170298278331757
                }
            },
            {
                "tick":20,
                "easing": "EASEOUTQUAD",
                "turn": 0,
                "rightItem":{
                    "x":-0.0592774972319603
                }
            },
            {
                "tick":8,
                "easing": "EASEINOUTQUAD",
                "turn": 0,
                "rightItem":{
                    "z":-0.29634687304496765
                }
            },
            {
                "tick":12,
                "easing": "EASEINQUAD",
                "turn": 0,
                "rightItem":{
                    "z":-1.8327723741531372
                }
            },
            {
                "tick":20,
                "easing": "EASEOUTQUAD",
                "turn": 0,
                "rightItem":{
                    "z":-0.30345356464385986
                }
            },
            {
                "tick":8,
                "easing": "EASEINOUTQUAD",
                "turn": 0,
                "rightItem":{
                    "y":-3.1217358112335205
                }
            },
            {
                "tick":12,
                "easing": "EASEINQUAD",
                "turn": 0,
                "rightItem":{
                    "y":-3.1832234859466553
                }
            },
            {
                "tick":20,
                "easing": "EASEOUTQUAD",
                "turn": 0,
                "rightItem":{
                    "y":-3.1777780055999756
                }
            },
            {
                "tick":8,
                "easing": "EASEINOUTQUAD",
                "turn": 0,
                "rightItem":{
                    "pitch":-1.3246350288391113
                }
            },
            {
                "tick":12,
                "easing": "EASEINQUAD",
                "turn": 0,
                "rightItem":{
                    "pitch":-1.401039719581604
                }
            },
            {
                "tick":20,
                "easing": "EASEOUTQUAD",
                "turn": 0,
                "rightItem":{
                    "pitch":-1.401039719581604
                }
            },
            {
                "tick":8,
                "easing": "EASEINOUTQUAD",
                "turn": 0,
                "rightItem":{
                    "yaw":0.012085763737559319
                }
            },
            {
                "tick":12,
                "easing": "EASEINQUAD",
                "turn": 0,
                "rightItem":{
                    "yaw":0.012456893920898438
                }
            },
            {
                "tick":20,
                "easing": "EASEOUTQUAD",
                "turn": 0,
                "rightItem":{
                    "yaw":0.012456893920898438
                }
            },
            {
                "tick":8,
                "easing": "EASEINOUTQUAD",
                "turn": 0,
                "rightItem":{
                    "roll":-0.019621629267930984
                }
            },
            {
                "tick":12,
                "easing": "EASEINQUAD",
                "turn": 0,
                "rightItem":{
                    "roll":-0.02218969352543354
                }
            },
            {
                "tick":20,
                "easing": "EASEOUTQUAD",
                "turn": 0,
                "rightItem":{
                    "roll":-0.02218969352543354
                }
            },
            {
                "tick":8,
                "easing": "EASEINOUTQUAD",
                "turn": 0,
                "leftItem":{
                    "roll":-0.10449320077896118
                }
            },
            {
                "tick":12,
                "easing": "EASEINQUAD",
                "turn": 0,
                "leftItem":{
                    "roll":-0.0025963119696825743
                }
            },
            {
                "tick":20,
                "easing": "EASEOUTQUAD",
                "turn": 0,
                "leftItem":{
                    "roll":-0.0025963119696825743
                }
            },
            {
                "tick":8,
                "easing": "EASEINOUTQUAD",
                "turn": 0,
                "leftItem":{
                    "x":-0.019248902797698975
                }
            },
            {
                "tick":12,
                "easing": "EASEINQUAD",
                "turn": 0,
                "leftItem":{
                    "x":-0.05150386318564415
                }
            },
            {
                "tick":20,
                "easing": "EASEOUTQUAD",
                "turn": 0,
                "leftItem":{
                    "x":-0.06417101621627808
                }
            },
            {
                "tick":8,
                "easing": "EASEINOUTQUAD",
                "turn": 0,
                "leftItem":{
                    "y":-2.5875635147094727
                }
            },
            {
                "tick":12,
                "easing": "EASEINQUAD",
                "turn": 0,
                "leftItem":{
                    "y":-2.4865758419036865
                }
            },
            {
                "tick":20,
                "easing": "EASEOUTQUAD",
                "turn": 0,
                "leftItem":{
                    "y":-2.525747537612915
                }
            },
            {
                "tick":8,
                "easing": "EASEINOUTQUAD",
                "turn": 0,
                "leftItem":{
                    "z":-0.1197277307510376
                }
            },
            {
                "tick":12,
                "easing": "EASEINQUAD",
                "turn": 0,
                "leftItem":{
                    "z":-1.5432751178741455
                }
            },
            {
                "tick":20,
                "easing": "EASEOUTQUAD",
                "turn": 0,
                "leftItem":{
                    "z":-0.30510568618774414
                }
            },
            {
                "tick":8,
                "easing": "EASEINOUTQUAD",
                "turn": 0,
                "leftItem":{
                    "pitch":-1.4196075201034546
                }
            },
            {
                "tick":12,
                "easing": "EASEINQUAD",
                "turn": 0,
                "leftItem":{
                    "pitch":-1.392142653465271
                }
            },
            {
                "tick":20,
                "easing": "EASEOUTQUAD",
                "turn": 0,
                "leftItem":{
                    "pitch":-1.392142653465271
                }
            },
            {
                "tick":8,
                "easing": "EASEINOUTQUAD",
                "turn": 0,
                "leftItem":{
                    "yaw":-0.002417951822280884
                }
            },
            {
                "tick":12,
                "easing": "EASEINQUAD",
                "turn": 0,
                "leftItem":{
                    "yaw":-0.009246132336556911
                }
            },
            {
                "tick":20,
                "easing": "EASEOUTQUAD",
                "turn": 0,
                "leftItem":{
                    "yaw":-0.009246132336556911
                }
            }
        ]
    }
}