{
    "name": "one_handed_uppercut_right",
    "author": "Daedelus",
    "description": "One handed uppercut attack from right",
    "emote":{
        "isLoop": "false",
        "returnTick": 2,
        "beginTick":8,
        "endTick":20,
        "stopTick":30,
        "degrees":false,
        "moves":[
            
            {
                "tick":8,
                "easing": "EASEINOUTQUAD",
                "turn": 0,
                "head":{
                    "y":-0.0
                }
            },
            {
                "tick":9,
                "easing": "EASEINOUTQUAD",
                "turn": 0,
                "head":{
                    "y":-0.0
                }
            },
            {
                "tick":11,
                "easing": "EASEINOUTQUAD",
                "turn": 0,
                "head":{
                    "y":-0.0
                }
            },
            {
                "tick":8,
                "easing": "EASEINOUTQUAD",
                "turn": 0,
                "head":{
                    "z":-0.0
                }
            },
            {
                "tick":9,
                "easing": "EASEINOUTQUAD",
                "turn": 0,
                "head":{
                    "z":-0.0
                }
            },
            {
                "tick":11,
                "easing": "EASEINOUTQUAD",
                "turn": 0,
                "head":{
                    "z":-0.0
                }
            },
            {
                "tick":8,
                "easing": "EASEINOUTQUAD",
                "turn": 0,
                "head":{
                    "x":-0.0
                }
            },
            {
                "tick":9,
                "easing": "EASEINOUTQUAD",
                "turn": 0,
                "head":{
                    "x":-0.0
                }
            },
            {
                "tick":11,
                "easing": "EASEINOUTQUAD",
                "turn": 0,
                "head":{
                    "x":-0.0
                }
            },
            {
                "tick":8,
                "easing": "EASEINOUTQUAD",
                "turn": 0,
                "head":{
                    "yaw":-0.4431401491165161
                }
            },
            {
                "tick":9,
                "easing": "EASEINOUTQUAD",
                "turn": 0,
                "head":{
                    "yaw":0.24005718529224396
                }
            },
            {
                "tick":11,
                "easing": "EASEINOUTQUAD",
                "turn": 0,
                "head":{
                    "yaw":1.0214258432388306
                }
            },
            {
                "tick":8,
                "easing": "EASEINOUTQUAD",
                "turn": 0,
                "head":{
                    "roll":-0.09898176044225693
                }
            },
            {
                "tick":9,
                "easing": "EASEINOUTQUAD",
                "turn": 0,
                "head":{
                    "roll":0.045287035405635834
                }
            },
            {
                "tick":11,
                "easing": "EASEINOUTQUAD",
                "turn": 0,
                "head":{
                    "roll":0.03595995903015137
                }
            },
            {
                "tick":8,
                "easing": "EASEINOUTQUAD",
                "turn": 0,
                "head":{
                    "pitch":0.23039071261882782
                }
            },
            {
                "tick":9,
                "easing": "EASEINOUTQUAD",
                "turn": 0,
                "head":{
                    "pitch":-0.011576134711503983
                }
            },
            {
                "tick":11,
                "easing": "EASEINOUTQUAD",
                "turn": 0,
                "head":{
                    "pitch":-0.1584656536579132
                }
            },
            {
                "tick":8,
                "easing": "EASEINQUAD",
                "turn": 0,
                "torso":{
                    "yaw":-0.45907333493232727
                }
            },
            {
                "tick":9,
                "easing": "EASEINOUTQUAD",
                "turn": 0,
                "torso":{
                    "yaw":0.26544812321662903
                }
            },
            {
                "tick":11,
                "easing": "EASEOUTQUAD",
                "turn": 0,
                "torso":{
                    "yaw":1.0007085800170898
                }
            },
            {
                "tick":15,
                "easing": "EASEOUTQUAD",
                "turn": 0,
                "torso":{
                    "yaw":0.9788968563079834
                }
            },
            {
                "tick":8,
                "easing": "EASEINQUAD",
                "turn": 0,
                "torso":{
                    "roll":-5.115895698192232e-17
                }
            },
            {
                "tick":9,
                "easing": "EASEINOUTQUAD",
                "turn": 0,
                "torso":{
                    "roll":-0.03767528012394905
                }
            },
            {
                "tick":11,
                "easing": "EASEOUTQUAD",
                "turn": 0,
                "torso":{
                    "roll":-0.11986635625362396
                }
            },
            {
                "tick":15,
                "easing": "EASEOUTQUAD",
                "turn": 0,
                "torso":{
                    "roll":-0.23616550862789154
                }
            },
            {
                "tick":8,
                "easing": "EASEINQUAD",
                "turn": 0,
                "torso":{
                    "pitch":0.208042174577713
                }
            },
            {
                "tick":9,
                "easing": "EASEINOUTQUAD",
                "turn": 0,
                "torso":{
                    "pitch":-0.02985713817179203
                }
            },
            {
                "tick":11,
                "easing": "EASEOUTQUAD",
                "turn": 0,
                "torso":{
                    "pitch":-0.08377683907747269
                }
            },
            {
                "tick":15,
                "easing": "EASEOUTQUAD",
                "turn": 0,
                "torso":{
                    "pitch":-0.251034677028656
                }
            },
            {
                "tick":8,
                "easing": "EASEINQUAD",
                "turn": 0,
                "torso":{
                    "y":0.0
                }
            },
            {
                "tick":9,
                "easing": "EASEINOUTQUAD",
                "turn": 0,
                "torso":{
                    "y":0.0
                }
            },
            {
                "tick":11,
                "easing": "EASEOUTQUAD",
                "turn": 0,
                "torso":{
                    "y":-0.027639668434858322
                }
            },
            {
                "tick":15,
                "easing": "EASEOUTQUAD",
                "turn": 0,
                "torso":{
                    "y":0.020604677498340607
                }
            },
            {
                "tick":8,
                "easing": "EASEINQUAD",
                "turn": 0,
                "torso":{
                    "x":0.0
                }
            },
            {
                "tick":9,
                "easing": "EASEINOUTQUAD",
                "turn": 0,
                "torso":{
                    "x":0.0
                }
            },
            {
                "tick":11,
                "easing": "EASEOUTQUAD",
                "turn": 0,
                "torso":{
                    "x":0.0
                }
            },
            {
                "tick":15,
                "easing": "EASEOUTQUAD",
                "turn": 0,
                "torso":{
                    "x":0.0
                }
            },
            {
                "tick":8,
                "easing": "EASEINQUAD",
                "turn": 0,
                "torso":{
                    "z":-0.0
                }
            },
            {
                "tick":9,
                "easing": "EASEINOUTQUAD",
                "turn": 0,
                "torso":{
                    "z":-0.0
                }
            },
            {
                "tick":11,
                "easing": "EASEOUTQUAD",
                "turn": 0,
                "torso":{
                    "z":-0.11774305999279022
                }
            },
            {
                "tick":15,
                "easing": "EASEOUTQUAD",
                "turn": 0,
                "torso":{
                    "z":-0.2414093315601349
                }
            },
            {
                "tick":8,
                "easing": "EASEINQUAD",
                "turn": 0,
                "rightArm":{
                    "yaw":0.08493232727050781
                }
            },
            {
                "tick":9,
                "easing": "EASEINOUTQUAD",
                "turn": 0,
                "rightArm":{
                    "yaw":0.22130921483039856
                }
            },
            {
                "tick":11,
                "easing": "EASEOUTQUAD",
                "turn": 0,
                "rightArm":{
                    "yaw":0.7929535508155823
                }
            },
            {
                "tick":15,
                "easing": "EASEINOUTQUAD",
                "turn": 0,
                "rightArm":{
                    "yaw":0.7816129922866821
                }
            },
            {
                "tick":8,
                "easing": "EASEINQUAD",
                "turn": 0,
                "rightArm":{
                    "roll":1.010261058807373
                }
            },
            {
                "tick":9,
                "easing": "EASEINOUTQUAD",
                "turn": 0,
                "rightArm":{
                    "roll":0.28573182225227356
                }
            },
            {
                "tick":11,
                "easing": "EASEOUTQUAD",
                "turn": 0,
                "rightArm":{
                    "roll":0.2966368496417999
                }
            },
            {
                "tick":15,
                "easing": "EASEINOUTQUAD",
                "turn": 0,
                "rightArm":{
                    "roll":0.7908837199211121
                }
            },
            {
                "tick":8,
                "easing": "EASEINQUAD",
                "turn": 0,
                "rightArm":{
                    "y":3.7945938110351562
                }
            },
            {
                "tick":9,
                "easing": "EASEINOUTQUAD",
                "turn": 0,
                "rightArm":{
                    "y":1.997574806213379
                }
            },
            {
                "tick":11,
                "easing": "EASEOUTQUAD",
                "turn": 0,
                "rightArm":{
                    "y":1.9345264434814453
                }
            },
            {
                "tick":15,
                "easing": "EASEINOUTQUAD",
                "turn": 0,
                "rightArm":{
                    "y":1.212843894958496
                }
            },
            {
                "tick":8,
                "easing": "EASEINQUAD",
                "turn": 0,
                "rightArm":{
                    "z":0.3788324296474457
                }
            },
            {
                "tick":9,
                "easing": "EASEINOUTQUAD",
                "turn": 0,
                "rightArm":{
                    "z":-0.26860031485557556
                }
            },
            {
                "tick":11,
                "easing": "EASEOUTQUAD",
                "turn": 0,
                "rightArm":{
                    "z":-1.5586459636688232
                }
            },
            {
                "tick":15,
                "easing": "EASEINOUTQUAD",
                "turn": 0,
                "rightArm":{
                    "z":-2.6487977504730225
                }
            },
            {
                "tick":8,
                "easing": "EASEINQUAD",
                "turn": 0,
                "rightArm":{
                    "x":-5.0
                }
            },
            {
                "tick":9,
                "easing": "EASEINOUTQUAD",
                "turn": 0,
                "rightArm":{
                    "x":-5.105475425720215
                }
            },
            {
                "tick":11,
                "easing": "EASEOUTQUAD",
                "turn": 0,
                "rightArm":{
                    "x":-5.406834602355957
                }
            },
            {
                "tick":15,
                "easing": "EASEINOUTQUAD",
                "turn": 0,
                "rightArm":{
                    "x":-4.81728458404541
                }
            },
            {
                "tick":8,
                "easing": "EASEINQUAD",
                "turn": 0,
                "rightArm":{
                    "pitch":0.7746418714523315
                }
            },
            {
                "tick":9,
                "easing": "EASEINOUTQUAD",
                "turn": 0,
                "rightArm":{
                    "pitch":0.2046814113855362
                }
            },
            {
                "tick":11,
                "easing": "EASEOUTQUAD",
                "turn": 0,
                "rightArm":{
                    "pitch":-1.47041916847229
                }
            },
            {
                "tick":15,
                "easing": "EASEINOUTQUAD",
                "turn": 0,
                "rightArm":{
                    "pitch":-2.0314130783081055
                }
            },
            {
                "tick":8,
                "easing": "EASEINQUAD",
                "turn": 0,
                "leftArm":{
                    "roll":-0.19343656301498413
                }
            },
            {
                "tick":11,
                "easing": "EASEOUTQUAD",
                "turn": 0,
                "leftArm":{
                    "roll":-0.2213456630706787
                }
            },
            {
                "tick":15,
                "easing": "EASEOUTQUAD",
                "turn": 0,
                "leftArm":{
                    "roll":-0.2779799699783325
                }
            },
            {
                "tick":8,
                "easing": "EASEINQUAD",
                "turn": 0,
                "leftArm":{
                    "yaw":0.0020121834240853786
                }
            },
            {
                "tick":11,
                "easing": "EASEOUTQUAD",
                "turn": 0,
                "leftArm":{
                    "yaw":-0.06967489421367645
                }
            },
            {
                "tick":15,
                "easing": "EASEOUTQUAD",
                "turn": 0,
                "leftArm":{
                    "yaw":-0.5373518466949463
                }
            },
            {
                "tick":8,
                "easing": "EASEINQUAD",
                "turn": 0,
                "leftArm":{
                    "pitch":-0.39534521102905273
                }
            },
            {
                "tick":11,
                "easing": "EASEOUTQUAD",
                "turn": 0,
                "leftArm":{
                    "pitch":0.5286426544189453
                }
            },
            {
                "tick":15,
                "easing": "EASEOUTQUAD",
                "turn": 0,
                "leftArm":{
                    "pitch":0.6021048426628113
                }
            },
            {
                "tick":8,
                "easing": "EASEINQUAD",
                "turn": 0,
                "leftArm":{
                    "y":2.0
                }
            },
            {
                "tick":11,
                "easing": "EASEOUTQUAD",
                "turn": 0,
                "leftArm":{
                    "y":2.0
                }
            },
            {
                "tick":15,
                "easing": "EASEOUTQUAD",
                "turn": 0,
                "leftArm":{
                    "y":2.0
                }
            },
            {
                "tick":8,
                "easing": "EASEINQUAD",
                "turn": 0,
                "leftArm":{
                    "z":-0.0
                }
            },
            {
                "tick":11,
                "easing": "EASEOUTQUAD",
                "turn": 0,
                "leftArm":{
                    "z":-0.0
                }
            },
            {
                "tick":15,
                "easing": "EASEOUTQUAD",
                "turn": 0,
                "leftArm":{
                    "z":-0.0
                }
            },
            {
                "tick":8,
                "easing": "EASEINQUAD",
                "turn": 0,
                "leftArm":{
                    "x":5.0
                }
            },
            {
                "tick":11,
                "easing": "EASEOUTQUAD",
                "turn": 0,
                "leftArm":{
                    "x":5.0
                }
            },
            {
                "tick":15,
                "easing": "EASEOUTQUAD",
                "turn": 0,
                "leftArm":{
                    "x":5.0
                }
            },
            {
                "tick":8,
                "easing": "EASEINOUTQUAD",
                "turn": 0,
                "rightItem":{
                    "x":1.6423368453979492
                }
            },
            {
                "tick":9,
                "easing": "EASEINOUTQUAD",
                "turn": 0,
                "rightItem":{
                    "x":0.019804954528808594
                }
            },
            {
                "tick":11,
                "easing": "EASEOUTQUAD",
                "turn": 0,
                "rightItem":{
                    "x":0.0636998787522316
                }
            },
            {
                "tick":15,
                "easing": "EASEINOUTQUAD",
                "turn": 0,
                "rightItem":{
                    "x":0.27665746212005615
                }
            },
            {
                "tick":8,
                "easing": "EASEINOUTQUAD",
                "turn": 0,
                "rightItem":{
                    "z":-0.6642223000526428
                }
            },
            {
                "tick":9,
                "easing": "EASEINOUTQUAD",
                "turn": 0,
                "rightItem":{
                    "z":-0.4427940249443054
                }
            },
            {
                "tick":11,
                "easing": "EASEOUTQUAD",
                "turn": 0,
                "rightItem":{
                    "z":-0.6616883277893066
                }
            },
            {
                "tick":15,
                "easing": "EASEINOUTQUAD",
                "turn": 0,
                "rightItem":{
                    "z":-0.4733682870864868
                }
            },
            {
                "tick":8,
                "easing": "EASEINOUTQUAD",
                "turn": 0,
                "rightItem":{
                    "y":-2.075939178466797
                }
            },
            {
                "tick":9,
                "easing": "EASEINOUTQUAD",
                "turn": 0,
                "rightItem":{
                    "y":-1.2847070693969727
                }
            },
            {
                "tick":11,
                "easing": "EASEOUTQUAD",
                "turn": 0,
                "rightItem":{
                    "y":-0.6018363237380981
                }
            },
            {
                "tick":15,
                "easing": "EASEINOUTQUAD",
                "turn": 0,
                "rightItem":{
                    "y":-0.4901346266269684
                }
            },
            {
                "tick":8,
                "easing": "EASEINOUTQUAD",
                "turn": 0,
                "rightItem":{
                    "pitch":-0.3890899121761322
                }
            },
            {
                "tick":9,
                "easing": "EASEINOUTQUAD",
                "turn": 0,
                "rightItem":{
                    "pitch":-1.0649077892303467
                }
            },
            {
                "tick":11,
                "easing": "EASEOUTQUAD",
                "turn": 0,
                "rightItem":{
                    "pitch":-1.4645503759384155
                }
            },
            {
                "tick":15,
                "easing": "EASEINOUTQUAD",
                "turn": 0,
                "rightItem":{
                    "pitch":-1.8310258388519287
                }
            },
            {
                "tick":8,
                "easing": "EASEINOUTQUAD",
                "turn": 0,
                "rightItem":{
                    "yaw":0.0023233573883771896
                }
            },
            {
                "tick":9,
                "easing": "EASEINOUTQUAD",
                "turn": 0,
                "rightItem":{
                    "yaw":0.12784166634082794
                }
            },
            {
                "tick":11,
                "easing": "EASEOUTQUAD",
                "turn": 0,
                "rightItem":{
                    "yaw":0.048560068011283875
                }
            },
            {
                "tick":15,
                "easing": "EASEINOUTQUAD",
                "turn": 0,
                "rightItem":{
                    "yaw":-0.02306842990219593
                }
            },
            {
                "tick":8,
                "easing": "EASEINOUTQUAD",
                "turn": 0,
                "rightItem":{
                    "roll":-1.954899549484253
                }
            },
            {
                "tick":9,
                "easing": "EASEINOUTQUAD",
                "turn": 0,
                "rightItem":{
                    "roll":-3.0199809074401855
                }
            },
            {
                "tick":11,
                "easing": "EASEOUTQUAD",
                "turn": 0,
                "rightItem":{
                    "roll":-3.111046552658081
                }
            },
            {
                "tick":15,
                "easing": "EASEINOUTQUAD",
                "turn": 0,
                "rightItem":{
                    "roll":-3.1986465454101562
                }
            }
        ]
    }
}