{
    "name": "one_handed_slash_switch_blade_right",
    "author": "Daedelus",
    "description": "One handed slash attack from right to left",
    "emote":{
        "isLoop": "false",
        "returnTick": 2,
        "beginTick":8,
        "endTick":20,
        "stopTick":30,
        "degrees":false,
        "moves":[
            
            {
                "tick":8,
                "easing": "EASEINOUTQUAD",
                "turn": 0,
                "head":{
                    "y":-0.0
                }
            },
            {
                "tick":12,
                "easing": "EASEINOUTQUAD",
                "turn": 0,
                "head":{
                    "y":-0.0
                }
            },
            {
                "tick":8,
                "easing": "EASEINOUTQUAD",
                "turn": 0,
                "head":{
                    "z":-0.0
                }
            },
            {
                "tick":12,
                "easing": "EASEINOUTQUAD",
                "turn": 0,
                "head":{
                    "z":-0.0
                }
            },
            {
                "tick":8,
                "easing": "EASEINOUTQUAD",
                "turn": 0,
                "head":{
                    "x":-0.0
                }
            },
            {
                "tick":12,
                "easing": "EASEINOUTQUAD",
                "turn": 0,
                "head":{
                    "x":-0.0
                }
            },
            {
                "tick":8,
                "easing": "EASEINOUTQUAD",
                "turn": 0,
                "head":{
                    "yaw":-0.4427400529384613
                }
            },
            {
                "tick":12,
                "easing": "EASEINOUTQUAD",
                "turn": 0,
                "head":{
                    "yaw":1.0214258432388306
                }
            },
            {
                "tick":8,
                "easing": "EASEINOUTQUAD",
                "turn": 0,
                "head":{
                    "roll":-0.10025551170110703
                }
            },
            {
                "tick":12,
                "easing": "EASEINOUTQUAD",
                "turn": 0,
                "head":{
                    "roll":0.03595995903015137
                }
            },
            {
                "tick":8,
                "easing": "EASEINOUTQUAD",
                "turn": 0,
                "head":{
                    "pitch":0.02258129231631756
                }
            },
            {
                "tick":12,
                "easing": "EASEINOUTQUAD",
                "turn": 0,
                "head":{
                    "pitch":-0.1584656536579132
                }
            },
            {
                "tick":8,
                "easing": "EASEINQUAD",
                "turn": 0,
                "torso":{
                    "yaw":-0.45907333493232727
                }
            },
            {
                "tick":9,
                "easing": "EASEINOUTQUAD",
                "turn": 0,
                "torso":{
                    "yaw":0.26544812321662903
                }
            },
            {
                "tick":12,
                "easing": "EASEOUTQUAD",
                "turn": 0,
                "torso":{
                    "yaw":0.9788967967033386
                }
            },
            {
                "tick":16,
                "easing": "EASEOUTQUAD",
                "turn": 0,
                "torso":{
                    "yaw":0.9788968563079834
                }
            },
            {
                "tick":8,
                "easing": "EASEINQUAD",
                "turn": 0,
                "torso":{
                    "roll":-5.115895698192232e-17
                }
            },
            {
                "tick":9,
                "easing": "EASEINOUTQUAD",
                "turn": 0,
                "torso":{
                    "roll":-0.03767528012394905
                }
            },
            {
                "tick":12,
                "easing": "EASEOUTQUAD",
                "turn": 0,
                "torso":{
                    "roll":-0.26784995198249817
                }
            },
            {
                "tick":16,
                "easing": "EASEOUTQUAD",
                "turn": 0,
                "torso":{
                    "roll":-0.23616550862789154
                }
            },
            {
                "tick":8,
                "easing": "EASEINQUAD",
                "turn": 0,
                "torso":{
                    "pitch":0.208042174577713
                }
            },
            {
                "tick":9,
                "easing": "EASEINOUTQUAD",
                "turn": 0,
                "torso":{
                    "pitch":-0.02985713817179203
                }
            },
            {
                "tick":12,
                "easing": "EASEOUTQUAD",
                "turn": 0,
                "torso":{
                    "pitch":-0.251034677028656
                }
            },
            {
                "tick":16,
                "easing": "EASEOUTQUAD",
                "turn": 0,
                "torso":{
                    "pitch":-0.251034677028656
                }
            },
            {
                "tick":8,
                "easing": "EASEINQUAD",
                "turn": 0,
                "torso":{
                    "y":0.0
                }
            },
            {
                "tick":9,
                "easing": "EASEINOUTQUAD",
                "turn": 0,
                "torso":{
                    "y":0.0
                }
            },
            {
                "tick":12,
                "easing": "EASEOUTQUAD",
                "turn": 0,
                "torso":{
                    "y":-0.027639668434858322
                }
            },
            {
                "tick":16,
                "easing": "EASEOUTQUAD",
                "turn": 0,
                "torso":{
                    "y":0.020604677498340607
                }
            },
            {
                "tick":8,
                "easing": "EASEINQUAD",
                "turn": 0,
                "torso":{
                    "x":0.0
                }
            },
            {
                "tick":9,
                "easing": "EASEINOUTQUAD",
                "turn": 0,
                "torso":{
                    "x":0.0
                }
            },
            {
                "tick":12,
                "easing": "EASEOUTQUAD",
                "turn": 0,
                "torso":{
                    "x":0.0
                }
            },
            {
                "tick":16,
                "easing": "EASEOUTQUAD",
                "turn": 0,
                "torso":{
                    "x":0.0
                }
            },
            {
                "tick":8,
                "easing": "EASEINQUAD",
                "turn": 0,
                "torso":{
                    "z":-0.0
                }
            },
            {
                "tick":9,
                "easing": "EASEINOUTQUAD",
                "turn": 0,
                "torso":{
                    "z":-0.0
                }
            },
            {
                "tick":12,
                "easing": "EASEOUTQUAD",
                "turn": 0,
                "torso":{
                    "z":-0.2980096638202667
                }
            },
            {
                "tick":16,
                "easing": "EASEOUTQUAD",
                "turn": 0,
                "torso":{
                    "z":-0.2414093315601349
                }
            },
            {
                "tick":8,
                "easing": "EASEINQUAD",
                "turn": 0,
                "rightArm":{
                    "yaw":0.9561474919319153
                }
            },
            {
                "tick":12,
                "easing": "EASEOUTQUAD",
                "turn": 0,
                "rightArm":{
                    "yaw":0.8779731392860413
                }
            },
            {
                "tick":16,
                "easing": "EASEOUTQUAD",
                "turn": 0,
                "rightArm":{
                    "yaw":-0.6574605107307434
                }
            },
            {
                "tick":20,
                "easing": "EASEINOUTQUAD",
                "turn": 0,
                "rightArm":{
                    "yaw":-0.6574605107307434
                }
            },
            {
                "tick":8,
                "easing": "EASEINQUAD",
                "turn": 0,
                "rightArm":{
                    "roll":1.5128536224365234
                }
            },
            {
                "tick":12,
                "easing": "EASEOUTQUAD",
                "turn": 0,
                "rightArm":{
                    "roll":0.19593964517116547
                }
            },
            {
                "tick":16,
                "easing": "EASEOUTQUAD",
                "turn": 0,
                "rightArm":{
                    "roll":0.1793997436761856
                }
            },
            {
                "tick":20,
                "easing": "EASEINOUTQUAD",
                "turn": 0,
                "rightArm":{
                    "roll":0.1793997436761856
                }
            },
            {
                "tick":8,
                "easing": "EASEINQUAD",
                "turn": 0,
                "rightArm":{
                    "y":2.0
                }
            },
            {
                "tick":12,
                "easing": "EASEOUTQUAD",
                "turn": 0,
                "rightArm":{
                    "y":2.1661481857299805
                }
            },
            {
                "tick":16,
                "easing": "EASEOUTQUAD",
                "turn": 0,
                "rightArm":{
                    "y":2.1661481857299805
                }
            },
            {
                "tick":20,
                "easing": "EASEINOUTQUAD",
                "turn": 0,
                "rightArm":{
                    "y":2.2433080673217773
                }
            },
            {
                "tick":8,
                "easing": "EASEINQUAD",
                "turn": 0,
                "rightArm":{
                    "z":-0.0
                }
            },
            {
                "tick":12,
                "easing": "EASEOUTQUAD",
                "turn": 0,
                "rightArm":{
                    "z":-2.395448923110962
                }
            },
            {
                "tick":16,
                "easing": "EASEOUTQUAD",
                "turn": 0,
                "rightArm":{
                    "z":-2.395448923110962
                }
            },
            {
                "tick":20,
                "easing": "EASEINOUTQUAD",
                "turn": 0,
                "rightArm":{
                    "z":-2.551900863647461
                }
            },
            {
                "tick":8,
                "easing": "EASEINQUAD",
                "turn": 0,
                "rightArm":{
                    "x":-5.0
                }
            },
            {
                "tick":12,
                "easing": "EASEOUTQUAD",
                "turn": 0,
                "rightArm":{
                    "x":-4.900559425354004
                }
            },
            {
                "tick":16,
                "easing": "EASEOUTQUAD",
                "turn": 0,
                "rightArm":{
                    "x":-4.900559425354004
                }
            },
            {
                "tick":20,
                "easing": "EASEINOUTQUAD",
                "turn": 0,
                "rightArm":{
                    "x":-4.25137996673584
                }
            },
            {
                "tick":8,
                "easing": "EASEINQUAD",
                "turn": 0,
                "rightArm":{
                    "pitch":0.3835355341434479
                }
            },
            {
                "tick":12,
                "easing": "EASEOUTQUAD",
                "turn": 0,
                "rightArm":{
                    "pitch":-1.5325605869293213
                }
            },
            {
                "tick":16,
                "easing": "EASEOUTQUAD",
                "turn": 0,
                "rightArm":{
                    "pitch":-1.3927183151245117
                }
            },
            {
                "tick":20,
                "easing": "EASEINOUTQUAD",
                "turn": 0,
                "rightArm":{
                    "pitch":-1.3927183151245117
                }
            },
            {
                "tick":8,
                "easing": "EASEINQUAD",
                "turn": 0,
                "leftArm":{
                    "roll":-0.19343656301498413
                }
            },
            {
                "tick":12,
                "easing": "EASEOUTQUAD",
                "turn": 0,
                "leftArm":{
                    "roll":-0.2213456630706787
                }
            },
            {
                "tick":16,
                "easing": "EASEOUTQUAD",
                "turn": 0,
                "leftArm":{
                    "roll":-0.2779799699783325
                }
            },
            {
                "tick":8,
                "easing": "EASEINQUAD",
                "turn": 0,
                "leftArm":{
                    "yaw":0.0020121834240853786
                }
            },
            {
                "tick":12,
                "easing": "EASEOUTQUAD",
                "turn": 0,
                "leftArm":{
                    "yaw":-0.06967489421367645
                }
            },
            {
                "tick":16,
                "easing": "EASEOUTQUAD",
                "turn": 0,
                "leftArm":{
                    "yaw":-0.5373518466949463
                }
            },
            {
                "tick":8,
                "easing": "EASEINQUAD",
                "turn": 0,
                "leftArm":{
                    "pitch":-0.39534521102905273
                }
            },
            {
                "tick":12,
                "easing": "EASEOUTQUAD",
                "turn": 0,
                "leftArm":{
                    "pitch":0.5286426544189453
                }
            },
            {
                "tick":16,
                "easing": "EASEOUTQUAD",
                "turn": 0,
                "leftArm":{
                    "pitch":0.6021048426628113
                }
            },
            {
                "tick":8,
                "easing": "EASEINQUAD",
                "turn": 0,
                "leftArm":{
                    "y":2.0
                }
            },
            {
                "tick":12,
                "easing": "EASEOUTQUAD",
                "turn": 0,
                "leftArm":{
                    "y":2.0
                }
            },
            {
                "tick":16,
                "easing": "EASEOUTQUAD",
                "turn": 0,
                "leftArm":{
                    "y":2.0
                }
            },
            {
                "tick":8,
                "easing": "EASEINQUAD",
                "turn": 0,
                "leftArm":{
                    "z":-0.0
                }
            },
            {
                "tick":12,
                "easing": "EASEOUTQUAD",
                "turn": 0,
                "leftArm":{
                    "z":-0.0
                }
            },
            {
                "tick":16,
                "easing": "EASEOUTQUAD",
                "turn": 0,
                "leftArm":{
                    "z":-0.0
                }
            },
            {
                "tick":8,
                "easing": "EASEINQUAD",
                "turn": 0,
                "leftArm":{
                    "x":5.0
                }
            },
            {
                "tick":12,
                "easing": "EASEOUTQUAD",
                "turn": 0,
                "leftArm":{
                    "x":5.0
                }
            },
            {
                "tick":16,
                "easing": "EASEOUTQUAD",
                "turn": 0,
                "leftArm":{
                    "x":5.0
                }
            },
            {
                "tick":8,
                "easing": "EASEINOUTQUAD",
                "turn": 0,
                "rightItem":{
                    "x":1.8713053464889526
                }
            },
            {
                "tick":9,
                "easing": "EASEOUTQUAD",
                "turn": 0,
                "rightItem":{
                    "x":1.069580078125
                }
            },
            {
                "tick":12,
                "easing": "EASEOUTQUAD",
                "turn": 0,
                "rightItem":{
                    "x":-1.0477393865585327
                }
            },
            {
                "tick":16,
                "easing": "EASEINOUTQUAD",
                "turn": 0,
                "rightItem":{
                    "x":-0.2919944226741791
                }
            },
            {
                "tick":17,
                "easing": "EASEINOUTQUAD",
                "turn": 0,
                "rightItem":{
                    "x":-0.1946277916431427
                }
            },
            {
                "tick":18,
                "easing": "EASEINOUTQUAD",
                "turn": 0,
                "rightItem":{
                    "x":-0.1749667525291443
                }
            },
            {
                "tick":19,
                "easing": "EASEINOUTQUAD",
                "turn": 0,
                "rightItem":{
                    "x":-0.14247888326644897
                }
            },
            {
                "tick":8,
                "easing": "EASEINOUTQUAD",
                "turn": 0,
                "rightItem":{
                    "z":-0.8238407373428345
                }
            },
            {
                "tick":9,
                "easing": "EASEOUTQUAD",
                "turn": 0,
                "rightItem":{
                    "z":-0.38951587677001953
                }
            },
            {
                "tick":12,
                "easing": "EASEOUTQUAD",
                "turn": 0,
                "rightItem":{
                    "z":-0.6269928216934204
                }
            },
            {
                "tick":16,
                "easing": "EASEINOUTQUAD",
                "turn": 0,
                "rightItem":{
                    "z":-0.07863840460777283
                }
            },
            {
                "tick":17,
                "easing": "EASEINOUTQUAD",
                "turn": 0,
                "rightItem":{
                    "z":-1.1597150564193726
                }
            },
            {
                "tick":18,
                "easing": "EASEINOUTQUAD",
                "turn": 0,
                "rightItem":{
                    "z":-1.3780148029327393
                }
            },
            {
                "tick":19,
                "easing": "EASEINOUTQUAD",
                "turn": 0,
                "rightItem":{
                    "z":-1.7387328147888184
                }
            },
            {
                "tick":8,
                "easing": "EASEINOUTQUAD",
                "turn": 0,
                "rightItem":{
                    "y":-1.5061185359954834
                }
            },
            {
                "tick":9,
                "easing": "EASEOUTQUAD",
                "turn": 0,
                "rightItem":{
                    "y":-2.2233574390411377
                }
            },
            {
                "tick":12,
                "easing": "EASEOUTQUAD",
                "turn": 0,
                "rightItem":{
                    "y":-2.0429208278656006
                }
            },
            {
                "tick":16,
                "easing": "EASEINOUTQUAD",
                "turn": 0,
                "rightItem":{
                    "y":-2.1871697902679443
                }
            },
            {
                "tick":17,
                "easing": "EASEINOUTQUAD",
                "turn": 0,
                "rightItem":{
                    "y":-1.9118084907531738
                }
            },
            {
                "tick":18,
                "easing": "EASEINOUTQUAD",
                "turn": 0,
                "rightItem":{
                    "y":-1.8562053442001343
                }
            },
            {
                "tick":19,
                "easing": "EASEINOUTQUAD",
                "turn": 0,
                "rightItem":{
                    "y":-1.764326810836792
                }
            },
            {
                "tick":8,
                "easing": "EASEINOUTQUAD",
                "turn": 0,
                "rightItem":{
                    "pitch":-0.030353277921676636
                }
            },
            {
                "tick":9,
                "easing": "EASEOUTQUAD",
                "turn": 0,
                "rightItem":{
                    "pitch":-0.0729726105928421
                }
            },
            {
                "tick":12,
                "easing": "EASEOUTQUAD",
                "turn": 0,
                "rightItem":{
                    "pitch":-0.9901732206344604
                }
            },
            {
                "tick":16,
                "easing": "EASEINOUTQUAD",
                "turn": 0,
                "rightItem":{
                    "pitch":-0.34668976068496704
                }
            },
            {
                "tick":17,
                "easing": "EASEINOUTQUAD",
                "turn": 0,
                "rightItem":{
                    "pitch":-0.03594737499952316
                }
            },
            {
                "tick":18,
                "easing": "EASEINOUTQUAD",
                "turn": 0,
                "rightItem":{
                    "pitch":-0.09567278623580933
                }
            },
            {
                "tick":19,
                "easing": "EASEINOUTQUAD",
                "turn": 0,
                "rightItem":{
                    "pitch":-0.09759301692247391
                }
            },
            {
                "tick":8,
                "easing": "EASEINOUTQUAD",
                "turn": 0,
                "rightItem":{
                    "yaw":0.30812501907348633
                }
            },
            {
                "tick":9,
                "easing": "EASEOUTQUAD",
                "turn": 0,
                "rightItem":{
                    "yaw":-0.09439831972122192
                }
            },
            {
                "tick":12,
                "easing": "EASEOUTQUAD",
                "turn": 0,
                "rightItem":{
                    "yaw":0.03283531591296196
                }
            },
            {
                "tick":16,
                "easing": "EASEINOUTQUAD",
                "turn": 0,
                "rightItem":{
                    "yaw":0.060565076768398285
                }
            },
            {
                "tick":17,
                "easing": "EASEINOUTQUAD",
                "turn": 0,
                "rightItem":{
                    "yaw":0.12298378348350525
                }
            },
            {
                "tick":18,
                "easing": "EASEINOUTQUAD",
                "turn": 0,
                "rightItem":{
                    "yaw":0.060671448707580566
                }
            },
            {
                "tick":19,
                "easing": "EASEINOUTQUAD",
                "turn": 0,
                "rightItem":{
                    "yaw":-0.23876868188381195
                }
            },
            {
                "tick":8,
                "easing": "EASEINOUTQUAD",
                "turn": 0,
                "rightItem":{
                    "roll":-1.557814598083496
                }
            },
            {
                "tick":9,
                "easing": "EASEOUTQUAD",
                "turn": 0,
                "rightItem":{
                    "roll":-1.6703814268112183
                }
            },
            {
                "tick":12,
                "easing": "EASEOUTQUAD",
                "turn": 0,
                "rightItem":{
                    "roll":-1.548506736755371
                }
            },
            {
                "tick":16,
                "easing": "EASEINOUTQUAD",
                "turn": 0,
                "rightItem":{
                    "roll":-1.6876887083053589
                }
            },
            {
                "tick":17,
                "easing": "EASEINOUTQUAD",
                "turn": 0,
                "rightItem":{
                    "roll":-2.341477632522583
                }
            },
            {
                "tick":18,
                "easing": "EASEINOUTQUAD",
                "turn": 0,
                "rightItem":{
                    "roll":-3.5507166385650635
                }
            },
            {
                "tick":19,
                "easing": "EASEINOUTQUAD",
                "turn": 0,
                "rightItem":{
                    "roll":-4.603774547576904
                }
            }
        ]
    }
}