{
    "name": "one_handed_slam",
    "author": "Daedelus",
    "description": "One handed slam attack",
    "emote":{
        "isLoop": "false",
        "returnTick": 2,
        "beginTick":8,
        "endTick":20,
        "stopTick":30,
        "degrees":false,
        "moves":[
            
            {
                "tick":8,
                "easing": "EASEINOUTQUAD",
                "turn": 0,
                "torso":{
                    "yaw":2.5463123957277002e-17
                }
            },
            {
                "tick":11,
                "easing": "EASEINQUAD",
                "turn": 0,
                "torso":{
                    "yaw":-0.039491206407547
                }
            },
            {
                "tick":20,
                "easing": "EASEINOUTQUAD",
                "turn": 0,
                "torso":{
                    "yaw":-0.039471693336963654
                }
            },
            {
                "tick":8,
                "easing": "EASEINOUTQUAD",
                "turn": 0,
                "torso":{
                    "roll":-5.594728717231009e-17
                }
            },
            {
                "tick":11,
                "easing": "EASEINQUAD",
                "turn": 0,
                "torso":{
                    "roll":-0.0021511169616132975
                }
            },
            {
                "tick":20,
                "easing": "EASEINOUTQUAD",
                "turn": 0,
                "torso":{
                    "roll":0.0024837327655404806
                }
            },
            {
                "tick":8,
                "easing": "EASEINOUTQUAD",
                "turn": 0,
                "torso":{
                    "pitch":0.5136803984642029
                }
            },
            {
                "tick":11,
                "easing": "EASEINQUAD",
                "turn": 0,
                "torso":{
                    "pitch":-0.9479507803916931
                }
            },
            {
                "tick":20,
                "easing": "EASEINOUTQUAD",
                "turn": 0,
                "torso":{
                    "pitch":-1.0652399063110352
                }
            },
            {
                "tick":8,
                "easing": "EASEINOUTQUAD",
                "turn": 0,
                "torso":{
                    "y":0.0
                }
            },
            {
                "tick":11,
                "easing": "EASEINQUAD",
                "turn": 0,
                "torso":{
                    "y":-0.1525733917951584
                }
            },
            {
                "tick":20,
                "easing": "EASEINOUTQUAD",
                "turn": 0,
                "torso":{
                    "y":-0.1146085187792778
                }
            },
            {
                "tick":8,
                "easing": "EASEINOUTQUAD",
                "turn": 0,
                "torso":{
                    "x":0.0
                }
            },
            {
                "tick":11,
                "easing": "EASEINQUAD",
                "turn": 0,
                "torso":{
                    "x":0.0
                }
            },
            {
                "tick":20,
                "easing": "EASEINOUTQUAD",
                "turn": 0,
                "torso":{
                    "x":0.0
                }
            },
            {
                "tick":8,
                "easing": "EASEINOUTQUAD",
                "turn": 0,
                "torso":{
                    "z":-0.0
                }
            },
            {
                "tick":11,
                "easing": "EASEINQUAD",
                "turn": 0,
                "torso":{
                    "z":-0.35027334094047546
                }
            },
            {
                "tick":20,
                "easing": "EASEINOUTQUAD",
                "turn": 0,
                "torso":{
                    "z":-0.2956222593784332
                }
            },
            {
                "tick":8,
                "easing": "EASEINOUTQUAD",
                "turn": 0,
                "rightArm":{
                    "yaw":0.40897035598754883
                }
            },
            {
                "tick":11,
                "easing": "EASEINQUAD",
                "turn": 0,
                "rightArm":{
                    "yaw":-0.4686959683895111
                }
            },
            {
                "tick":8,
                "easing": "EASEINOUTQUAD",
                "turn": 0,
                "rightArm":{
                    "roll":0.2470337152481079
                }
            },
            {
                "tick":11,
                "easing": "EASEINQUAD",
                "turn": 0,
                "rightArm":{
                    "roll":0.20804063975811005
                }
            },
            {
                "tick":8,
                "easing": "EASEINOUTQUAD",
                "turn": 0,
                "rightArm":{
                    "y":1.0590791702270508
                }
            },
            {
                "tick":11,
                "easing": "EASEINQUAD",
                "turn": 0,
                "rightArm":{
                    "y":2.250973701477051
                }
            },
            {
                "tick":8,
                "easing": "EASEINOUTQUAD",
                "turn": 0,
                "rightArm":{
                    "z":1.66770601272583
                }
            },
            {
                "tick":11,
                "easing": "EASEINQUAD",
                "turn": 0,
                "rightArm":{
                    "z":-2.0767593383789062
                }
            },
            {
                "tick":8,
                "easing": "EASEINOUTQUAD",
                "turn": 0,
                "rightArm":{
                    "x":-5.0
                }
            },
            {
                "tick":11,
                "easing": "EASEINQUAD",
                "turn": 0,
                "rightArm":{
                    "x":-4.964133262634277
                }
            },
            {
                "tick":8,
                "easing": "EASEINOUTQUAD",
                "turn": 0,
                "rightArm":{
                    "pitch":-3.808293104171753
                }
            },
            {
                "tick":11,
                "easing": "EASEINQUAD",
                "turn": 0,
                "rightArm":{
                    "pitch":-1.53342604637146
                }
            },
            {
                "tick":8,
                "easing": "EASEINOUTQUAD",
                "turn": 0,
                "leftArm":{
                    "roll":-0.2164444774389267
                }
            },
            {
                "tick":11,
                "easing": "EASEINQUAD",
                "turn": 0,
                "leftArm":{
                    "roll":-1.3043702840805054
                }
            },
            {
                "tick":8,
                "easing": "EASEINOUTQUAD",
                "turn": 0,
                "leftArm":{
                    "yaw":-0.055411145091056824
                }
            },
            {
                "tick":11,
                "easing": "EASEINQUAD",
                "turn": 0,
                "leftArm":{
                    "yaw":-1.049790859222412
                }
            },
            {
                "tick":8,
                "easing": "EASEINOUTQUAD",
                "turn": 0,
                "leftArm":{
                    "pitch":-1.3102405071258545
                }
            },
            {
                "tick":11,
                "easing": "EASEINQUAD",
                "turn": 0,
                "leftArm":{
                    "pitch":0.2587224841117859
                }
            },
            {
                "tick":8,
                "easing": "EASEINOUTQUAD",
                "turn": 0,
                "leftArm":{
                    "y":2.0
                }
            },
            {
                "tick":11,
                "easing": "EASEINQUAD",
                "turn": 0,
                "leftArm":{
                    "y":2.0
                }
            },
            {
                "tick":8,
                "easing": "EASEINOUTQUAD",
                "turn": 0,
                "leftArm":{
                    "z":-0.0
                }
            },
            {
                "tick":11,
                "easing": "EASEINQUAD",
                "turn": 0,
                "leftArm":{
                    "z":-0.0
                }
            },
            {
                "tick":8,
                "easing": "EASEINOUTQUAD",
                "turn": 0,
                "leftArm":{
                    "x":5.0
                }
            },
            {
                "tick":11,
                "easing": "EASEINQUAD",
                "turn": 0,
                "leftArm":{
                    "x":5.028234958648682
                }
            },
            {
                "tick":8,
                "easing": "EASEINOUTQUAD",
                "turn": 0,
                "rightItem":{
                    "x":-0.5528419613838196
                }
            },
            {
                "tick":11,
                "easing": "EASEINQUAD",
                "turn": 0,
                "rightItem":{
                    "x":-0.23136399686336517
                }
            },
            {
                "tick":12,
                "easing": "EASEINOUTQUAD",
                "turn": 0,
                "rightItem":{
                    "x":-0.6816489696502686
                }
            },
            {
                "tick":20,
                "easing": "EASEINOUTQUAD",
                "turn": 0,
                "rightItem":{
                    "x":-0.23136401176452637
                }
            },
            {
                "tick":8,
                "easing": "EASEINOUTQUAD",
                "turn": 0,
                "rightItem":{
                    "z":-0.26758331060409546
                }
            },
            {
                "tick":11,
                "easing": "EASEINQUAD",
                "turn": 0,
                "rightItem":{
                    "z":-1.918835997581482
                }
            },
            {
                "tick":12,
                "easing": "EASEINOUTQUAD",
                "turn": 0,
                "rightItem":{
                    "z":-0.4582304358482361
                }
            },
            {
                "tick":20,
                "easing": "EASEINOUTQUAD",
                "turn": 0,
                "rightItem":{
                    "z":-1.918835997581482
                }
            },
            {
                "tick":8,
                "easing": "EASEINOUTQUAD",
                "turn": 0,
                "rightItem":{
                    "y":0.09433328360319138
                }
            },
            {
                "tick":11,
                "easing": "EASEINQUAD",
                "turn": 0,
                "rightItem":{
                    "y":0.1976960003376007
                }
            },
            {
                "tick":12,
                "easing": "EASEINOUTQUAD",
                "turn": 0,
                "rightItem":{
                    "y":1.0497492551803589
                }
            },
            {
                "tick":20,
                "easing": "EASEINOUTQUAD",
                "turn": 0,
                "rightItem":{
                    "y":0.1976960003376007
                }
            },
            {
                "tick":8,
                "easing": "EASEINOUTQUAD",
                "turn": 0,
                "rightItem":{
                    "pitch":0.046584200114011765
                }
            },
            {
                "tick":11,
                "easing": "EASEINQUAD",
                "turn": 0,
                "rightItem":{
                    "pitch":-0.28652894496917725
                }
            },
            {
                "tick":12,
                "easing": "EASEINOUTQUAD",
                "turn": 0,
                "rightItem":{
                    "pitch":-0.058666132390499115
                }
            },
            {
                "tick":20,
                "easing": "EASEINOUTQUAD",
                "turn": 0,
                "rightItem":{
                    "pitch":-0.1924380362033844
                }
            },
            {
                "tick":8,
                "easing": "EASEINOUTQUAD",
                "turn": 0,
                "rightItem":{
                    "yaw":-0.41279420256614685
                }
            },
            {
                "tick":11,
                "easing": "EASEINQUAD",
                "turn": 0,
                "rightItem":{
                    "yaw":-0.39515650272369385
                }
            },
            {
                "tick":12,
                "easing": "EASEINOUTQUAD",
                "turn": 0,
                "rightItem":{
                    "yaw":-0.46291452646255493
                }
            },
            {
                "tick":20,
                "easing": "EASEINOUTQUAD",
                "turn": 0,
                "rightItem":{
                    "yaw":-0.3928031027317047
                }
            },
            {
                "tick":8,
                "easing": "EASEINOUTQUAD",
                "turn": 0,
                "rightItem":{
                    "roll":-0.1373557299375534
                }
            },
            {
                "tick":11,
                "easing": "EASEINQUAD",
                "turn": 0,
                "rightItem":{
                    "roll":-0.2393719106912613
                }
            },
            {
                "tick":12,
                "easing": "EASEINOUTQUAD",
                "turn": 0,
                "rightItem":{
                    "roll":-0.2073066532611847
                }
            },
            {
                "tick":20,
                "easing": "EASEINOUTQUAD",
                "turn": 0,
                "rightItem":{
                    "roll":-0.23538340628147125
                }
            }
        ]
    }
}