{
    "name": "pose_one_handed_backwards",
    "author": "Daedelus",
    "description": "One handed backwards pose",
    "emote":{
        "isLoop": "true",
        "returnTick": 1,
        "beginTick":1,
        "endTick":2,
        "stopTick":11,
        "degrees":false,
        "moves":[
            
            {
                "tick":1,
                "easing": "EASEINOUTQUAD",
                "turn": 0,
                "rightItem":{
                    "x":4.510890505571297e-08
                }
            },
            {
                "tick":10,
                "easing": "EASEINOUTQUAD",
                "turn": 0,
                "rightItem":{
                    "x":4.510890505571297e-08
                }
            },
            {
                "tick":1,
                "easing": "EASEINOUTQUAD",
                "turn": 0,
                "rightItem":{
                    "z":2.5879178047180176
                }
            },
            {
                "tick":10,
                "easing": "EASEINOUTQUAD",
                "turn": 0,
                "rightItem":{
                    "z":2.5879178047180176
                }
            },
            {
                "tick":1,
                "easing": "EASEINOUTQUAD",
                "turn": 0,
                "rightItem":{
                    "y":-3.4232497215270996
                }
            },
            {
                "tick":10,
                "easing": "EASEINOUTQUAD",
                "turn": 0,
                "rightItem":{
                    "y":-3.4232497215270996
                }
            },
            {
                "tick":1,
                "easing": "EASEINOUTQUAD",
                "turn": 0,
                "rightItem":{
                    "pitch":3.1415927410125732
                }
            },
            {
                "tick":10,
                "easing": "EASEINOUTQUAD",
                "turn": 0,
                "rightItem":{
                    "pitch":3.1415927410125732
                }
            },
            {
                "tick":1,
                "easing": "EASEINOUTQUAD",
                "turn": 0,
                "rightItem":{
                    "yaw":0.0
                }
            },
            {
                "tick":10,
                "easing": "EASEINOUTQUAD",
                "turn": 0,
                "rightItem":{
                    "yaw":0.0
                }
            },
            {
                "tick":1,
                "easing": "EASEINOUTQUAD",
                "turn": 0,
                "rightItem":{
                    "roll":0.0
                }
            },
            {
                "tick":10,
                "easing": "EASEINOUTQUAD",
                "turn": 0,
                "rightItem":{
                    "roll":0.0
                }
            }
        ]
    }
}