{
    "parent": "item/excalibur/custom_name/shield/parent_shield_vanilla",
    "display": {
        "thirdperson_righthand": {
			"rotation": [45, -25, 0],
			"translation": [2, -0.5, -2],
            "scale": [ 1, 1, 1 ]
		},
        "thirdperson_lefthand": {
            "rotation": [45, -25, 0],
			"translation": [2, -0.5, -2],
            "scale": [ 1, 1, 1 ]
        },
        "firstperson_righthand": {
            "rotation": [-5, -5, 5],
            "translation": [-5, -6, 0]
        },
        "firstperson_lefthand": {
            "rotation": [-5, -5, 5],
            "translation": [-5, -6, 0]
        },
        "gui": {
            "rotation": [0, 180, 0],
            "translation": [0, 0, 0],
            "scale": [0.65, 0.65, 0.65]
        }
    }
}
