{
	"parent": "block/lanterns",
	"textures": {
		"particle": "block/lantern",
		"all": "block/lantern"
	},
	"elements": [
		{
			"from": [5, 1, 5],
			"to": [11, 8, 11],
			"faces": {
				"north": {"uv": [0, 2, 6, 9], "texture": "#all"},
				"east": {"uv": [0, 2, 6, 9], "texture": "#all"},
				"south": {"uv": [0, 2, 6, 9], "texture": "#all"},
				"west": {"uv": [0, 2, 6, 9], "texture": "#all"},
				"up": {"uv": [0, 9, 6, 15], "texture": "#all"},
				"down": {"uv": [0, 9, 6, 15], "texture": "#all", "cullface": "down"}
			}
		},
		{
			"from": [4.5, 7, 4.5],
			"to": [11.5, 9, 11.5],
			"faces": {
				"north": {"uv": [0, 0, 7, 2], "texture": "#all"},
				"east": {"uv": [0, 0, 7, 2], "texture": "#all"},
				"south": {"uv": [0, 0, 7, 2], "texture": "#all"},
				"west": {"uv": [0, 0, 7, 2], "texture": "#all"},
				"up": {"uv": [0, 9, 7, 16], "texture": "#all"},
				"down": {"uv": [0, 9, 7, 16], "texture": "#all"}
			}
		},
		{
			"from": [6, 10, 8],
			"to": [10, 12, 8],
			"shade": false,
			"rotation": {"angle": 0, "axis": "y", "origin": [8, 9, 8]},
			"faces": {
				"north": {"uv": [11, 13, 15, 15], "texture": "#all"},
				"south": {"uv": [11, 13, 15, 15], "texture": "#all"}
			}
		},
		{
			"from": [6, 8, 6],
			"to": [10, 10, 10],
			"faces": {
				"north": {"uv": [1, 0, 5, 2], "texture": "#all"},
				"east": {"uv": [1, 0, 5, 2], "texture": "#all"},
				"south": {"uv": [1, 0, 5, 2], "texture": "#all"},
				"west": {"uv": [1, 0, 5, 2], "texture": "#all"},
				"up": {"uv": [1, 10, 5, 14], "texture": "#all"}
			}
		},
		{
			"from": [4.5, 0, 4.5],
			"to": [11.5, 2, 11.5],
			"faces": {
				"north": {"uv": [0, 0, 7, 2], "texture": "#all"},
				"east": {"uv": [0, 0, 7, 2], "texture": "#all"},
				"south": {"uv": [0, 0, 7, 2], "texture": "#all"},
				"west": {"uv": [0, 0, 7, 2], "texture": "#all"},
				"up": {"uv": [0, 9, 7, 16], "texture": "#all"},
				"down": {"uv": [0, 9, 7, 16], "texture": "#all"}
			}
		}
	],
	"display": {
		"firstperson_righthand": {
			"translation": [-1.25, 5.5, 2.25],
			"scale": [0.5, 0.5, 0.5]
		},
		"firstperson_lefthand": {
			"translation": [-1.25, 5.5, 2.25],
			"scale": [0.5, 0.5, 0.5]
		},
		"ground": {
			"scale": [0.5, 0.5, 0.5]
		},
		"gui": {
			"translation": [0, 2, 0]
		}
	}
}