{
	"credit": "Made with Blockbench - GrandPappyJay",
	"parent": "block/block",
	"texture_size": [64, 64],
	"textures": {
		"particle": "#chest"
	},
	"elements": [
		{
			"name": "base",
			"from": [1, 0, 13],
			"to": [15, 10, 15],
			"rotation": {"angle": 0, "axis": "x", "origin": [8, 0, 8]},
			"faces": {
				"north": {"uv": [3.5, 9.75, 7, 12.25], "rotation": 180, "texture": "#chest"},
				"east": {"uv": [3, 8.25, 3.5, 10.75], "rotation": 180, "texture": "#chest"},
				"south": {"uv": [3.5, 8.25, 7, 10.75], "rotation": 180, "texture": "#chest"},
				"west": {"uv": [7, 8.25, 7.5, 10.75], "rotation": 180, "texture": "#chest"},
				"up": {"uv": [3.5, 3, 7, 3.5], "texture": "#chest"},
				"down": {"uv": [3.5, 4.75, 7, 5.25], "texture": "#chest"}
			}
		},
		{
			"name": "base",
			"from": [1, 0, 1],
			"to": [15, 10, 3],
			"rotation": {"angle": 0, "axis": "x", "origin": [8, 0, 8]},
			"faces": {
				"north": {"uv": [10.5, 8.25, 14, 10.75], "rotation": 180, "texture": "#chest"},
				"east": {"uv": [0, 8.25, 0.5, 10.75], "rotation": 180, "texture": "#chest"},
				"south": {"uv": [10.5, 9.75, 14, 12.25], "rotation": 180, "texture": "#chest"},
				"west": {"uv": [10, 8.25, 10.5, 10.75], "rotation": 180, "texture": "#chest"},
				"up": {"uv": [3.5, 0, 7, 0.5], "texture": "#chest"},
				"down": {"uv": [3.5, 7.75, 7, 8.25], "texture": "#chest"}
			}
		},
		{
			"name": "base",
			"from": [1, 0, 3],
			"to": [3, 10, 13],
			"rotation": {"angle": 0, "axis": "x", "origin": [8, 0, 8]},
			"faces": {
				"east": {"uv": [7.5, 9.75, 10, 12.25], "rotation": 180, "texture": "#chest"},
				"west": {"uv": [7.5, 8.25, 10, 10.75], "rotation": 180, "texture": "#chest"},
				"up": {"uv": [3.5, 0.5, 4, 3], "texture": "#chest"},
				"down": {"uv": [3.5, 5.25, 4, 7.75], "texture": "#chest"}
			}
		},
		{
			"name": "base",
			"from": [13, 0, 3],
			"to": [15, 10, 13],
			"rotation": {"angle": 0, "axis": "x", "origin": [8, 0, 8]},
			"faces": {
				"east": {"uv": [0.5, 8.25, 3, 10.75], "rotation": 180, "texture": "#chest"},
				"west": {"uv": [0.5, 9.75, 3, 12.25], "rotation": 180, "texture": "#chest"},
				"up": {"uv": [6.5, 0.5, 7, 3], "texture": "#chest"},
				"down": {"uv": [6.5, 5.25, 7, 7.75], "texture": "#chest"}
			}
		},
		{
			"name": "base",
			"from": [3, 0, 3],
			"to": [13, 6, 13],
			"rotation": {"angle": 0, "axis": "x", "origin": [8, 0, 8]},
			"faces": {
				"up": {"uv": [11, 5.25, 13.5, 7.75], "texture": "#chest"},
				"down": {"uv": [4, 5.25, 6.5, 7.75], "texture": "#chest"}
			}
		}
	]
}