{
	"credit": "Made with Blockbench - GrandPappyJay",
	"parent": "block/block",
	"texture_size": [64, 64],
	"textures": {
		"particle": "#chest"
	},
	"elements": [
		{
			"name": "base_left",
			"from": [0, 0, 3],
			"to": [13, 6, 13],
			"rotation": {"angle": 0, "axis": "x", "origin": [8, 0, 8]},
			"faces": {
				"up": {"uv": [14.5, 7.75, 11.25, 5.25], "texture": "#chest"},
				"down": {"uv": [7.25, 7.75, 4, 5.25], "texture": "#chest"}
			}
		},
		{
			"name": "base_left",
			"from": [0, 0, 13],
			"to": [15, 10, 15],
			"rotation": {"angle": 0, "axis": "x", "origin": [8, 0, 8]},
			"faces": {
				"north": {"uv": [10.75, 9.75, 14.5, 12.25], "rotation": 180, "texture": "#chest"},
				"east": {"uv": [0, 8.25, 0.5, 10.75], "rotation": 180, "texture": "#chest"},
				"south": {"uv": [3.5, 8.25, 7.25, 10.75], "rotation": 180, "texture": "#chest"},
				"west": {"uv": [3, 8.25, 3.5, 10.75], "rotation": 180, "texture": "#chest"},
				"up": {"uv": [11, 5.25, 7.25, 4.75], "texture": "#chest"},
				"down": {"uv": [7.25, 8.25, 3.5, 7.75], "texture": "#chest"}
			}
		},
		{
			"name": "base_left",
			"from": [0, 0, 1],
			"to": [15, 10, 3],
			"rotation": {"angle": 0, "axis": "x", "origin": [8, 0, 8]},
			"faces": {
				"north": {"uv": [10.75, 8.25, 14.5, 10.75], "rotation": 180, "texture": "#chest"},
				"east": {"uv": [0, 8.25, 0.5, 10.75], "rotation": 180, "texture": "#chest"},
				"south": {"uv": [3.5, 9.75, 7.25, 12.25], "rotation": 180, "texture": "#chest"},
				"west": {"uv": [3, 8.25, 3.5, 10.75], "rotation": 180, "texture": "#chest"},
				"up": {"uv": [11, 8.25, 7.25, 7.75], "texture": "#chest"},
				"down": {"uv": [7.25, 5.25, 3.5, 4.75], "texture": "#chest"}
			}
		},
		{
			"name": "base_left",
			"from": [13, 0, 3],
			"to": [15, 10, 13],
			"rotation": {"angle": 0, "axis": "x", "origin": [8, 0, 8]},
			"faces": {
				"north": {"uv": [0.5, 8.25, 0, 10.75], "rotation": 180, "texture": "#chest"},
				"east": {"uv": [3, 8.25, 0.5, 10.75], "rotation": 180, "texture": "#chest"},
				"south": {"uv": [3.5, 8.25, 3, 10.75], "rotation": 180, "texture": "#chest"},
				"west": {"uv": [3, 9.75, 0.5, 12.25], "rotation": 180, "texture": "#chest"},
				"up": {"uv": [7.75, 5.25, 7.25, 7.75], "texture": "#chest"},
				"down": {"uv": [4, 5.25, 3.5, 7.75], "texture": "#chest"}
			}
		}
	]
}