{
  "initializer":{
    "lifetime": "170",
    "size": "1",
    "alpha": "0",
    "roll": "0.001"
  },
      "ticker": {
        "custom": "((PLAYER_X - POS_X)^2 + (PLAYER_Z - POS_Z)^2 ) <= (6 * 6)",
        "alpha": "max(0, tanh(((abs(POS_X - PLAYER_X) + abs(POS_Z - PLAYER_Z)) / 3))) * ((( (PLAYER_X - POS_X)^2 + (PLAYER_Z - POS_Z)^2 ) <= (6 * 6)) * ((6 * 6) - ((PLAYER_X - POS_X)^2 + (PLAYER_Z - POS_Z)^2))) / (6 * 6 - 1*1) * (0.25 * sin(0.025 * AGE))",
        "roll": "max(0, ROLL+0.001)",
        "dx": "(rand()/75 + (DX * 0.5))*0.01",
        "dy": "0.0 + rand()*0.0005",
        "dz": "(rand()/75 + (DZ * 0.5))*0.01",
        "remove_condition": "max(0, min(((1 - ((abs(POS_X - PLAYER_X) + abs(POS_Z - PLAYER_Z)) / 15)^2)), ((1 - ((abs(POS_Y - PLAYER_Y)) / 15)^1)))) == 0"
        },
  "render_type": "additive_translucent",
  "liquid_affinity": "liquids",
  "exclusion_radius": 3,
  "has_physics": true,
  "offset": [0, -0.2, 0]
}