{
        "initializer":{
          "lifetime": "40",
          "alpha": "1",
          "size": "0",
          "red": "1",
          "green": "1",
          "blue": "1",
          "dy": "(rand()*0.9)+7",
          "dx": "-1"
        },
        "ticker": {
            "size": "1 * sin((0.15 * AGE))",
            "dx": "((0.1 * sin((0.05 * AGE)) + 0.25) * abs(cos(0.05 * AGE)) + 0.25) * -2.6",
            "dy": "0.05 * sin((0.001 * AGE))",
            "dz": "0"
        },
        "liquid_affinity": "non_liquids",
        "render_type": "additive_translucent",
        "has_physics": true,
        "random_sprite": true,
        "kill_on_contact": true,
        "kill_when_still": false,
        "lit": false,
        "light_level": 1,
        "exclusion_radius": 4,
        "rotation_mode": "look_at_x"
}