{
        "initializer":{
          "lifetime": "50",
          "alpha": "0.1 + (RAIN>0.75)*0.05",
          "size": "0",
          "dx": "0",
          "dy": "-1.9",
          "dz": "0",
          "roll": "0"
        },
        "ticker": {
            "size": "0.5*(AGE > 1)",
            "dx": "((RAIN*-0.05) * sin((-0.01 * TIME))+ -0.01 + (RAIN > -0.5))*RAIN*-0.10",
            "dy": "-0.4",
            "dz": "(0.2 * sin((0.3 * AGE)))*0.5",
            "remove_condition": "sqrt(DISTANCE_SQUARED) > 20"
        },
        "liquid_affinity": "non_liquids",
        "random_sprite": true,
        "has_physics": true,
        "kill_on_contact": true,
        "exclusion_radius": 3,
        "offset": [0, 0, 0],
        "lit": true,
        "light_level": 15,
        "render_type": "additive_translucent",
        "rotation_mode": "movement_aligned"
}