{
        "initializer":{
          "lifetime": "105",
          "alpha": "0.1 + (RAIN>0.80)*0.05",
          "size": "0",
          "dx": "0",
          "dy": "-1.9",
          "dz": "0",
          "roll": "0"
        },
        "ticker": {
            "size": "0.5*(AGE > 1)",
            "dx": "((RAIN*-0.05) * sin((-0.01 * TIME))+ -0.01 + (RAIN > -0.5))*RAIN*-0.10",
            "dy": "-0.45",
            "dz": "(0.3 * sin((0.25 * AGE)))*0.5",
            "remove_condition": "sqrt(DISTANCE_SQUARED) > 20"
        },
        "liquid_affinity": "non_liquids",
        "random_sprite": true,
        "has_physics": true,
        "kill_on_contact": true,
        "exclusion_radius": 3,
        "offset": [0, 0, 0],
        "lit": true,
        "light_level": 15,
        "render_type": "additive_translucent",
        "rotation_mode": "movement_aligned",
        "particle_emitters": [
     {
       "particle": "extra:thunder_p",
       "chance": "(1 == AGE) * (RAIN > 0.5)",
       "x": "10", 
       "z": "0",
       "y": "-10"
     },
     {
       "particle": "extra:rain_mist",
       "chance": "(1 == AGE)*0.025",
       "x": "5 * cos((-5 * TIME)) -5", 
       "z": "5 * cos((-5 * TIME))",
       "y": "-10"
     }
  ]
}
