{
        "initializer":{
          "lifetime": "80",
          "alpha": "0.1 + (RAIN>0.80)*0.05",
          "size": "0",
          "dx": "0",
          "dy": "-1.9",
          "dz": "0",
          "roll": "0"
        },
        "ticker": {
            "size": "0.5*(AGE > 1)",
            "dx": "((RAIN*-0.15) * sin((-0.01 * TIME)) + -0.01 + (RAIN > -0.5))*RAIN*-0.92",
            "dy": "-0.75",
            "dz": "(0.28 * sin((7.1 * AGE)))*0.5",
            "remove_condition": "sqrt(DISTANCE_SQUARED) > 30"
        },
        "liquid_affinity": "non_liquids",
        "random_sprite": false,
        "has_physics": true,
        "kill_on_contact": true,
        "exclusion_radius": 1,
        "tick_rate": 0,
        "offset": [0, 0, 0],
        "lit": true,
        "light_level": 15,
        "render_type": "additive_translucent",
        "rotation_mode": "movement_aligned",
        "particle_emitters": [
     {
       "particle": "extra:thunder_mist",
       "chance": "(1 == AGE)*0.200",
       "x": "5 * cos((5 * TIME))", 
       "z": "5 * cos((5 * TIME))",
       "y": "0"
     }
  ]
}
