{
        "initializer":{
          "lifetime": "20",
          "alpha": "0",
          "size": "5",
          "roll": "0"
        },
        "ticker": {
            "custom": "(RAIN > 0.5)*0.25",
            "dx": "((RAIN*-0.15) * sin((-0.01 * TIME)) + -0.01 + (RAIN > -0.5))*RAIN*-0.82",
            "dy": "-1.5*0.5",
            "dz": "(0.1 * sin((0.3 * AGE)))*0.5",
            "alpha": "0.1 * sin((0.15 * AGE))",
            "roll": "max(0, ROLL+0.0025)",
            "remove_condition": "max(0, min(((1 - ((abs(POS_X - PLAYER_X) + abs(POS_Z - PLAYER_Z)) / 20)^2)), ((1 - ((abs(POS_Y - PLAYER_Y)) / 20)^2)))) == 0"
        },
        "liquid_affinity": "non_liquids",
        "random_sprite": true,
        "has_physics": true,
        "kill_on_contact": true,
        "exclusion_radius": 1,
        "offset": [0, 0, 0],
        "lit": true,
        "light_level": 15,
        "render_type": "additive_translucent"
      }
