{
   "targets": ["minecraft:grass_block"],
   "particle_emitters": [
    {
       "particle": "extra:ambient_fog_rain",
       "chance": "RAIN*5.15",
       "x": "0", 
       "z": "0",
       "y": "4",
       "dy": "0.001 + rand()*0.001",
       "biomes": ["minecraft:forest",
                  "minecraft:windswept_forest",
                  "minecraft:cherry_grove",
                  "minecraft:lush_caves",
                  "minecraft:snowy_taiga",
                  "minecraft:grove",
                  "minecraft:jungle",
                  "minecraft:bamboo_jungle",
                  "minecraft:sparse_jungle",
                  "minecraft:mangrove_swamp",
                  "minecraft:taiga",
                  "minecraft:old_growth_pine_taiga",
                  "minecraft:old_growth_spruce_taiga",
                  "minecraft:flower_forest",
                  "minecraft:dark_forest",
                  "minecraft:birch_forest",
                  "minecraft:old_growth_birch_forest",
                  "minecraft:plains", 
                  "minecraft:sunflower_plains",
                  "minecraft:mushroom_fields",
                  "minecraft:meadow",
                  "minecraft:snowy_plains",
                  "minecraft:snowy_slopes",
                  "minecraft:windswept_gravelly_hills",
                  "minecraft:windswept_hills",
                  "minecraft:swamp",
                  "minecraft:savanna",
                  "minecraft:savanna_plateau",
                  "minecraft:windswept_savanna",
                  "minecraft:river"
               ],
  "spawn_location": "lower_corner"
     }    
     ]
}