{
   "targets": ["minecraft:air"],
   "particle_emitters": [
     {
       "particle": "extra:rain",
       "chance": "((RAIN < 1) -(RAIN > 0.5)*0.25)*0.5*(SKY_LIGHT > 0)*(RAIN > 0)",
       "x": "gaussian()*5", 
       "z": "gaussian()*5",
       "y": "15",
       "biomes": ["minecraft:plains",
                "minecraft:windswept_hills",
		            "minecraft:windswept_forest",
		            "minecraft:windswept_gravelly_hills",
		            "minecraft:stony_shore",
		            "minecraft:river",
		            "minecraft:beach",
                "minecraft:birch_forest",
		            "minecraft:sunflower_plains",
            		"minecraft:flower_forest",
            		"minecraft:old_growth_birch_forest",
	            	"minecraft:meadow",
            		"minecraft:forest",
                "minecraft:cherry_grove",
                "minecraft:cold_ocean",
	            	"minecraft:deep_cold_ocean",
                "minecraft:dark_forest",
                "minecraft:jungle",
            		"minecraft:sparse_jungle",
            		"minecraft:bamboo_jungle",
                "minecraft:mangrove_swamp",
                "minecraft:mushroom_fields",
                "minecraft:ocean",
	            	"minecraft:deep_ocean",
                "minecraft:pale_garden",
                "minecraft:swamp",
                "minecraft:taiga",
	            	"minecraft:old_growth_pine_taiga",
            	  "minecraft:old_growth_spruce_taiga",
                "minecraft:warm_ocean",
	            	"minecraft:lukewarm_ocean",
	            	"minecraft:deep_lukewarm_ocean"
  ]
     },
     {
       "particle": "extra:rain",
       "chance": "((RAIN > 0.75)*0.5)*2.55*(SKY_LIGHT > 0)*(RAIN > 0)",
       "x": "gaussian()*3 -4", 
       "z": "gaussian()*3 ",
       "y": "15",
       "biomes": ["minecraft:plains",
                "minecraft:windswept_hills",
		            "minecraft:windswept_forest",
		            "minecraft:windswept_gravelly_hills",
		            "minecraft:stony_shore",
		            "minecraft:river",
		            "minecraft:beach",
                "minecraft:birch_forest",
		            "minecraft:sunflower_plains",
            		"minecraft:flower_forest",
            		"minecraft:old_growth_birch_forest",
	            	"minecraft:meadow",
            		"minecraft:forest",
                "minecraft:cherry_grove",
                "minecraft:cold_ocean",
	            	"minecraft:deep_cold_ocean",
                "minecraft:dark_forest",
                "minecraft:jungle",
            		"minecraft:sparse_jungle",
            		"minecraft:bamboo_jungle",
                "minecraft:mangrove_swamp",
                "minecraft:mushroom_fields",
                "minecraft:ocean",
	            	"minecraft:deep_ocean",
                "minecraft:pale_garden",
                "minecraft:swamp",
                "minecraft:taiga",
	            	"minecraft:old_growth_pine_taiga",
            	  "minecraft:old_growth_spruce_taiga",
                "minecraft:warm_ocean",
	            	"minecraft:lukewarm_ocean",
	            	"minecraft:deep_lukewarm_ocean"
  ]
     },
     {
       "particle": "extra:fast_wind",
       "chance": "RAIN*0.0015*(SKY_LIGHT == 15)",
       "x": "30 + rand()*0.1", 
       "z": "rand()*0.1",
       "y": "7.1 + rand()*4",
       "biomes": ["minecraft:plains",
                "minecraft:windswept_hills",
		            "minecraft:windswept_forest",
		            "minecraft:windswept_gravelly_hills",
		            "minecraft:stony_shore",
		            "minecraft:river",
		            "minecraft:beach",
                "minecraft:birch_forest",
		            "minecraft:sunflower_plains",
            		"minecraft:flower_forest",
            		"minecraft:old_growth_birch_forest",
	            	"minecraft:meadow",
            		"minecraft:forest",
                "minecraft:cherry_grove",
                "minecraft:cold_ocean",
	            	"minecraft:deep_cold_ocean",
                "minecraft:dark_forest",
                "minecraft:jungle",
            		"minecraft:sparse_jungle",
            		"minecraft:bamboo_jungle",
                "minecraft:mangrove_swamp",
                "minecraft:mushroom_fields",
                "minecraft:ocean",
	            	"minecraft:deep_ocean",
                "minecraft:pale_garden",
                "minecraft:swamp",
                "minecraft:taiga",
	            	"minecraft:old_growth_pine_taiga",
            	  "minecraft:old_growth_spruce_taiga",
                "minecraft:warm_ocean",
	            	"minecraft:lukewarm_ocean",
	            	"minecraft:deep_lukewarm_ocean"
  ]
     }
     ]
}